label,way_id,fn_reason,needs_manual_check,point_lat,point_lng,osm_url,oneway,highway,name,osm_tags_raw,start_idx,end_idx,geom_nodes,trimmed_length_m,going_wrong_way,against_votes,direction_votes,angle_way_axis_vs_travel_deg,travel_vector_lng,travel_vector_lat,oneway_bicycle,cycleway,using_edge_ids,diagnosis_detail,overpass_endpoint,match_way_id,match_dist_m,match_margin_m,match_ambiguous
渋谷→新宿,170232029,forward_travel,False,35.6895,139.703081,https://www.openstreetmap.org/way/170232029,yes,unclassified,,highway=unclassified; oneway=yes; surface=asphalt,103,108,6,134.2,False,0,5,0.0,-0.0014490000000080272,-0.00024899999999661304,,,True,進行方向照合で順走（way軸と進行方向の角度差 0.0°・逆走側セグメント 0/5）,overpass-api.de,,,,
渋谷→新宿,199152190,forward_travel,False,35.687924,139.702842,https://www.openstreetmap.org/way/199152190,yes,primary,明治通り,"highway=primary; int_name=Meiji-dori; lanes=2; lit=yes; maxspeed=50; name=明治通り; name:en=Meiji-dori Avenue; name:es=Calle Meiji; name:fr=Rue Meiji; name:ja=明治通り; name:ja-Hira=めいじどおり; name:ja-Latn=Meiji-dōri; name:ko=메이지로; name:zh=明治通; oneway=yes; ref=305; source=Bing,2007-04; surface=paved; wikipedia=ja:明治通り (東京都)",94,99,13,289.69,False,0,12,0.0,0.0008410000000083073,0.00236900000000162,,,True,進行方向照合で順走（way軸と進行方向の角度差 0.0°・逆走側セグメント 0/12）,overpass-api.de,,,,
渋谷→新宿,213526441,forward_travel,False,35.683848,139.704173,https://www.openstreetmap.org/way/213526441,yes,primary,明治通り,"alt_name:zh=明治大街; highway=primary; int_name=Meiji-dori; lit=yes; maxspeed=50; name=明治通り; name:en=Meiji-dori Avenue; name:es=Calle Meiji; name:fr=Rue Meiji; name:ja=明治通り; name:ja-Hira=めいじどおり; name:ja-Latn=Meiji-dōri; name:ko=메이지로; name:zh=明治通; oneway=yes; ref=305; source=Bing,2007-04; surface=paved; wikidata=Q8011176; wikipedia=ja:明治通り (東京都)",84,94,26,633.12,False,0,25,0.0,-0.0014910000000156742,0.0054980000000028895,,,True,進行方向照合で順走（way軸と進行方向の角度差 0.0°・逆走側セグメント 0/25）,overpass-api.de,,,,
渋谷→新宿,215955234,forward_travel,False,35.658973,139.700193,https://www.openstreetmap.org/way/215955234,yes,tertiary,神宮通り,highway=tertiary; lanes=1; lit=yes; name=神宮通り; name:en=Jingu-dori Street; oneway=yes; surface=asphalt; turn:lanes=left;through,18,19,2,16.7,False,0,1,0.1,4.2999999976700565e-05,0.00014599999999376223,,,True,進行方向照合で順走（way軸と進行方向の角度差 0.1°・逆走側セグメント 0/1）,overpass-api.de,,,,
渋谷→新宿,215955235,forward_travel,False,35.658305,139.700315,https://www.openstreetmap.org/way/215955235,yes,tertiary,神宮通り,highway=tertiary; lanes=1; lit=yes; name=神宮通り; name:en=Jingu-dori Street; oneway=yes; surface=asphalt,13,14,2,18.1,False,0,1,0.1,-4.999999998744897e-05,0.00015799999999899228,,,True,進行方向照合で順走（way軸と進行方向の角度差 0.1°・逆走側セグメント 0/1）,overpass-api.de,,,,
渋谷→新宿,261815524,forward_travel,False,35.658204,139.700357,https://www.openstreetmap.org/way/261815524,yes,tertiary,神宮通り,highway=tertiary; lanes=1; lit=yes; name=神宮通り; name:en=Jingu-dori Street; oneway=yes; surface=asphalt,12,13,2,11.9,False,0,1,0.1,-4.200000000764703e-05,0.0001010000000007949,,,True,進行方向照合で順走（way軸と進行方向の角度差 0.1°・逆走側セグメント 0/1）,overpass-api.de,,,,
渋谷→新宿,265139656,forward_travel,False,35.658692,139.700223,https://www.openstreetmap.org/way/265139656,yes,tertiary,神宮通り,highway=tertiary; lanes=1; lit=yes; name=神宮通り; name:en=Jingu-dori Street; oneway=yes; surface=asphalt,16,17,3,23.28,False,0,2,0.0,-3.300000000194814e-05,0.0002080000000006521,,,True,進行方向照合で順走（way軸と進行方向の角度差 0.0°・逆走側セグメント 0/2）,overpass-api.de,,,,
渋谷→新宿,274499723,forward_travel,False,35.658027,139.700416,https://www.openstreetmap.org/way/274499723,yes,tertiary,神宮通り,highway=tertiary; lit=yes; name=神宮通り; name:en=Jingu-dori Street; oneway=yes; surface=asphalt,9,10,2,4.09,False,0,1,0.4,-1.5999999988025593e-05,3.399999999942338e-05,,,True,進行方向照合で順走（way軸と進行方向の角度差 0.4°・逆走側セグメント 0/1）,overpass-api.de,,,,
渋谷→新宿,282172100,forward_travel,False,35.65816,139.700379,https://www.openstreetmap.org/way/282172100,yes,tertiary,神宮通り,highway=tertiary; lanes=1; lit=yes; name=神宮通り; name:en=Jingu-dori Street; oneway=yes; surface=asphalt,11,12,2,5.24,False,0,1,0.1,-2.200000000129876e-05,4.399999999549209e-05,,,True,進行方向照合で順走（way軸と進行方向の角度差 0.1°・逆走側セグメント 0/1）,overpass-api.de,,,,
渋谷→新宿,310155095,forward_travel,False,35.658463,139.700265,https://www.openstreetmap.org/way/310155095,yes,tertiary,神宮通り,highway=tertiary; lanes=1; name=神宮通り; name:en=Jingu-dori Street; oneway=yes; surface=asphalt,14,15,2,8.99,False,0,1,0.2,-1.5999999988025593e-05,8.000000000407681e-05,,,True,進行方向照合で順走（way軸と進行方向の角度差 0.2°・逆走側セグメント 0/1）,overpass-api.de,,,,
渋谷→新宿,376162311,forward_travel,False,35.659317,139.700309,https://www.openstreetmap.org/way/376162311,yes,tertiary,神宮通り,foot=no; highway=tertiary; lanes=1; lit=yes; name=神宮通り; name:en=Jingu-dori Street; oneway=yes; surface=asphalt; turn:lanes=left;through,22,23,3,5.15,False,0,2,0.5,2.599999999119973e-05,4.0999999995960934e-05,,,True,進行方向照合で順走（way軸と進行方向の角度差 0.5°・逆走側セグメント 0/2）,overpass-api.de,,,,
渋谷→新宿,390536924,forward_travel,False,35.658061,139.7004,https://www.openstreetmap.org/way/390536924,yes,tertiary,神宮通り,highway=tertiary; lanes=1; lit=yes; name=神宮通り; name:en=Jingu-dori Street; oneway=yes; surface=asphalt,10,11,2,11.2,False,0,1,0.3,-2.1000000003823516e-05,9.900000000584441e-05,,,True,進行方向照合で順走（way軸と進行方向の角度差 0.3°・逆走側セグメント 0/1）,overpass-api.de,,,,
渋谷→新宿,796871114,forward_travel,False,35.679555,139.704628,https://www.openstreetmap.org/way/796871114,yes,primary,明治通り,"foot=no; highway=primary; int_name=Meiji-dori; lit=yes; maxspeed=50; name=明治通り; name:en=Meiji-dori Avenue; name:es=Calle Meiji; name:ja=明治通り; name:ja-Hira=めいじどおり; name:ja-Latn=Meiji-dōri; oneway=yes; ref=305; source=Bing,2007-04; surface=paved",74,80,12,259.59,False,0,11,0.0,-0.001082999999994172,0.0020999999999986585,,,True,進行方向照合で順走（way軸と進行方向の角度差 0.0°・逆走側セグメント 0/11）,overpass-api.de,,,,
渋谷→新宿,798739072,forward_travel,False,35.666464,139.703912,https://www.openstreetmap.org/way/798739072,yes,primary,明治通り,"foot=no; highway=primary; int_name=Meiji-dori; lanes=2; lit=yes; maxspeed=50; name=明治通り; name:en=Meiji Street; name:es=Calle Meiji; name:fr=Rue Meiji; name:ja=明治通り; name:ja-Hira=めいじどおり; name:ja-Latn=Meiji-dōri; name:zh=明治通; oneway=yes; ref=305; sidewalk=left; smoothness=good; source=Bing,2007-04; surface=asphalt; wikidata=Q8011176; wikimedia_commons=Category:Meiji dori (Tokyo); wikipedia=ja:明治通り (東京都)",43,49,23,537.04,False,0,22,0.0,0.0030410000000244963,0.00414299999999912,,,True,進行方向照合で順走（way軸と進行方向の角度差 0.0°・逆走側セグメント 0/22）,overpass-api.de,,,,
渋谷→新宿,798794764,forward_travel,False,35.663908,139.702147,https://www.openstreetmap.org/way/798794764,yes,primary,明治通り,"foot=no; highway=primary; int_name=Meiji-dori; lit=yes; maxspeed=50; name=明治通り; name:en=Meiji Street; name:es=Calle Meiji; name:fr=Rue Meiji; name:ja=明治通り; name:ja-Hira=めいじどおり; name:ja-Latn=Meiji-dōri; oneway=yes; ref=305; source=Bing,2007-04; surface=paved; wikidata=Q8011176",39,43,6,81.62,False,0,5,0.0,0.00019399999999336615,0.0007129999999975212,,,True,進行方向照合で順走（way軸と進行方向の角度差 0.0°・逆走側セグメント 0/5）,overpass-api.de,,,,
渋谷→新宿,798794766,forward_travel,False,35.675615,139.706604,https://www.openstreetmap.org/way/798794766,yes,primary,明治通り,"foot=no; highway=primary; int_name=Meiji-dori; lit=yes; maxspeed=50; name=明治通り; name:en=Meiji Street; name:es=Calle Meiji; name:fr=Rue Meiji; name:ja=明治通り; name:ja-Hira=めいじどおり; name:ja-Latn=Meiji-dōri; oneway=yes; ref=305; sidewalk:left=separate; sidewalk:right=no; source=Bing,2007-04; surface=paved; wikidata=Q8011176",67,74,19,428.98,False,0,18,0.0,-0.0014280000000042037,0.003647000000000844,,,True,進行方向照合で順走（way軸と進行方向の角度差 0.0°・逆走側セグメント 0/18）,overpass-api.de,,,,
渋谷→新宿,860381102,forward_travel,False,35.68036,139.70451,https://www.openstreetmap.org/way/860381102,yes,primary,明治通り,"foot=no; highway=primary; int_name=Meiji-dori; lit=yes; maxspeed=50; name=明治通り; name:en=Meiji-dori Avenue; name:es=Calle Meiji; name:ja=明治通り; name:ja-Hira=めいじどおり; name:ja-Latn=Meiji-dōri; oneway=yes; ref=305; source=Bing,2007-04; surface=paved",80,81,2,11.95,False,0,1,0.3,9.999999974752427e-07,0.00010699999999985721,,,True,進行方向照合で順走（way軸と進行方向の角度差 0.3°・逆走側セグメント 0/1）,overpass-api.de,,,,
渋谷→新宿,860381103,forward_travel,False,35.680747,139.704521,https://www.openstreetmap.org/way/860381103,yes,primary,明治通り,"foot=no; highway=primary; int_name=Meiji-dori; lit=yes; maxspeed=50; name=明治通り; name:en=Meiji-dori Avenue; name:es=Calle Meiji; name:ja=明治通り; name:ja-Hira=めいじどおり; name:ja-Latn=Meiji-dōri; oneway=yes; ref=305; source=Bing,2007-04; surface=paved",81,84,5,125.74,False,0,4,0.0,1.8000000011397788e-05,0.0011299999999963006,,,True,進行方向照合で順走（way軸と進行方向の角度差 0.0°・逆走側セグメント 0/4）,overpass-api.de,,,,
渋谷→新宿,887779305,forward_travel,False,35.689544,139.703847,https://www.openstreetmap.org/way/887779305,yes,unclassified,,highway=unclassified; oneway=yes,99,102,4,27.72,False,0,3,0.2,-0.00020599999999149077,0.00015899999999646752,,,True,進行方向照合で順走（way軸と進行方向の角度差 0.2°・逆走側セグメント 0/3）,overpass-api.de,,,,
渋谷→新宿,924844761,forward_travel,False,35.689623,139.703673,https://www.openstreetmap.org/way/924844761,yes,unclassified,,destination=新宿駅東口; highway=unclassified; oneway=yes,102,103,2,6.7,False,0,1,0.5,-5.400000000577165e-05,-4.2000000000541604e-05,,,True,進行方向照合で順走（way軸と進行方向の角度差 0.5°・逆走側セグメント 0/1）,overpass-api.de,,,,
渋谷→新宿,1061981252,forward_travel,False,35.672722,139.708034,https://www.openstreetmap.org/way/1061981252,yes,primary,明治通り,"foot=no; highway=primary; int_name=Meiji-dori; lanes=2; lit=yes; maxspeed=50; name=明治通り; name:en=Meiji Street; name:es=Calle Meiji; name:fr=Rue Meiji; name:ja=明治通り; name:ja-Hira=めいじどおり; name:ja-Latn=Meiji-dōri; name:zh=明治通; oneway=yes; ref=305; sidewalk:left=separate; sidewalk:right=no; source=Bing,2007-04; surface=paved; wikidata=Q8011176",58,67,12,282.44,False,0,11,0.0,-0.0010819999999966967,0.0023580000000009704,,,True,進行方向照合で順走（way軸と進行方向の角度差 0.0°・逆走側セグメント 0/11）,overpass-api.de,,,,
渋谷→新宿,1061981253,bicycle_exempt,False,35.672111,139.70808,https://www.openstreetmap.org/way/1061981253,yes,primary,明治通り,"foot=no; highway=primary; int_name=Meiji-dori; lanes=2; lit=yes; maxspeed=50; name=明治通り; name:en=Meiji-dori Avenue; name:es=Calle Meiji; name:ja=明治通り; name:ja-Hira=めいじどおり; name:ja-Latn=Meiji-dōri; name:zh=明治通; oneway=yes; oneway:bicycle=no; ref=305; source=Bing,2007-04; surface=paved",57,58,3,16.1,False,0,2,0.1,2.2999999998774e-05,0.00014399999999881175,no,,True,`oneway:bicycle=no`（自転車は一方通行の対象外）,overpass-api.de,,,,
渋谷→新宿,1061981261,forward_travel,False,35.671949,139.708006,https://www.openstreetmap.org/way/1061981261,yes,primary,明治通り,"foot=no; highway=primary; int_name=Meiji-dori; lanes=3; lit=yes; maxspeed=50; name=明治通り; name:en=Meiji Street; name:es=Calle Meiji; name:fr=Rue Meiji; name:ja=明治通り; name:ja-Hira=めいじどおり; name:ja-Latn=Meiji-dōri; name:zh=明治通; oneway=yes; ref=305; source=Bing,2007-04; surface=paved; wikidata=Q8011176",54,57,5,39.71,False,0,4,0.0,0.00017800000000534055,0.00032500000000368345,,,True,進行方向照合で順走（way軸と進行方向の角度差 0.0°・逆走側セグメント 0/4）,overpass-api.de,,,,
渋谷→新宿,1134562284,forward_travel,False,35.659241,139.700274,https://www.openstreetmap.org/way/1134562284,yes,tertiary,神宮通り,foot=no; highway=tertiary; lanes=1; lit=yes; name=神宮通り; name:en=Jingu-dori Street; oneway=yes; surface=asphalt; turn:lanes=left;through,20,21,2,4.75,False,0,1,0.6,1.6999999985500835e-05,3.999999999848569e-05,,,True,進行方向照合で順走（way軸と進行方向の角度差 0.6°・逆走側セグメント 0/1）,overpass-api.de,,,,
渋谷→新宿,1143863679,forward_travel,False,35.6589,139.70019,https://www.openstreetmap.org/way/1143863679,yes,tertiary,神宮通り,highway=tertiary; lanes=1; lit=yes; name=神宮通り; name:en=Jingu-dori Street; oneway=yes; surface=asphalt,17,18,3,8.1,False,0,2,0.0,3.0000000208474376e-06,7.300000000043383e-05,,,True,進行方向照合で順走（way軸と進行方向の角度差 0.0°・逆走側セグメント 0/2）,overpass-api.de,,,,
渋谷→新宿,1143863680,forward_travel,False,35.659119,139.700236,https://www.openstreetmap.org/way/1143863680,yes,tertiary,神宮通り,foot=no; highway=tertiary; lanes=1; lit=yes; name=神宮通り; name:en=Jingu-dori Street; name:ja=神宮通り; oneway=yes; surface=asphalt; turn:lanes=left;through,19,20,3,14.01,False,0,2,0.2,3.800000001774606e-05,0.00012200000000461841,,,True,進行方向照合で順走（way軸と進行方向の角度差 0.2°・逆走側セグメント 0/2）,overpass-api.de,,,,
渋谷→新宿,1156909226,forward_travel,False,35.659358,139.700335,https://www.openstreetmap.org/way/1156909226,yes,tertiary,神宮通り,foot=no; highway=tertiary; lanes=1; lit=yes; name=神宮通り; name:en=Jingu-dori Street; oneway=yes; oneway:conditional=no @ (22:00-08:00); surface=asphalt; turn:lanes=left;through,23,24,2,25.52,False,0,1,0.0,0.00023699999999848842,0.0001239999999995689,,,True,進行方向照合で順走（way軸と進行方向の角度差 0.0°・逆走側セグメント 0/1）,overpass-api.de,,,,
渋谷→新宿,1368012337,forward_travel,False,35.670208,139.706705,https://www.openstreetmap.org/way/1368012337,yes,primary,明治通り,"foot=no; highway=primary; int_name=Meiji-dori; lanes=2; lit=yes; maxspeed=50; name=明治通り; name:en=Meiji Street; name:es=Calle Meiji; name:fr=Rue Meiji; name:ja=明治通り; name:ja-Hira=めいじどおり; name:ja-Latn=Meiji-dōri; name:zh=明治通; oneway=yes; ref=305; sidewalk=left; smoothness=good; source=Bing,2007-04; surface=asphalt; wikidata=Q8011176; wikimedia_commons=Category:Meiji dori (Tokyo); wikipedia=ja:明治通り (東京都)",49,54,16,435.79,False,0,15,0.0,0.0025639999999782503,0.003315000000000623,,,True,進行方向照合で順走（way軸と進行方向の角度差 0.0°・逆走側セグメント 0/15）,overpass-api.de,,,,
渋谷→新宿,1391289379,forward_travel,False,35.659281,139.700291,https://www.openstreetmap.org/way/1391289379,yes,tertiary,神宮通り,foot=no; highway=tertiary; lanes=1; lit=yes; name=神宮通り; name:en=Jingu-dori Street; oneway=yes; surface=asphalt; turn:lanes=left;through,21,22,2,4.28,False,0,1,0.3,1.8000000011397788e-05,3.600000000147929e-05,,,True,進行方向照合で順走（way軸と進行方向の角度差 0.3°・逆走側セグメント 0/1）,overpass-api.de,,,,
渋谷→新宿,1414217947,forward_travel,False,35.658543,139.700249,https://www.openstreetmap.org/way/1414217947,yes,tertiary,神宮通り,highway=tertiary; lanes=1; lit=yes; name=神宮通り; name:en=Jingu-dori Street; oneway=yes; surface=asphalt,15,16,2,16.81,False,0,1,0.1,-2.600000001962144e-05,0.0001490000000003988,,,True,進行方向照合で順走（way軸と進行方向の角度差 0.1°・逆走側セグメント 0/1）,overpass-api.de,,,,
東京→渋谷,23581721,forward_travel,False,35.666581,139.73917,https://www.openstreetmap.org/way/23581721,yes,secondary,高輪麻布線,foot=no; highway=secondary; lanes=2; name=高輪麻布線; name:en=Takanawa-Azabu Line; name:ja=高輪麻布線; oneway=yes; ref=415; source=Bing 2010; surface=paved,62,64,6,181.98,False,0,5,0.0,-0.00027900000000613545,-0.0016169999999959828,,,True,進行方向照合で順走（way軸と進行方向の角度差 0.0°・逆走側セグメント 0/5）,overpass-api.de,,,,
東京→渋谷,23648785,forward_travel,False,35.66537,139.738711,https://www.openstreetmap.org/way/23648785,yes,secondary,,foot=no; highway=secondary; lanes=3; oneway=yes; ref=415,69,70,2,20.8,False,0,1,0.0,2.700000001709668e-05,0.00018499999999477268,,,True,進行方向照合で順走（way軸と進行方向の角度差 0.0°・逆走側セグメント 0/1）,overpass-api.de,,,,
東京→渋谷,23671260,forward_travel,False,35.670457,139.752007,https://www.openstreetmap.org/way/23671260,yes,primary,祝田通り,cycleway:left=lane; foot=no; highway=primary; lit=yes; name=祝田通り; name:en=Iwaida dori; name:es=Calle Iwaida; name:ja=祝田通り; name:ja_rm=Iwaida dori; oneway=yes; ref=301; surface=asphalt,26,29,9,277.99,False,0,8,0.0,-0.0012690000000077362,-0.0022759999999948377,,,True,進行方向照合で順走（way軸と進行方向の角度差 0.0°・逆走側セグメント 0/8）,overpass-api.de,,,,
東京→渋谷,23812407,forward_travel,False,35.665842,139.738589,https://www.openstreetmap.org/way/23812407,yes,secondary_link,,foot=no; highway=secondary_link; lanes=1; oneway=yes; ref=412,70,77,10,108.66,False,0,9,0.0,-0.0009090000000071541,0.00044300000000419004,,,True,進行方向照合で順走（way軸と進行方向の角度差 0.0°・逆走側セグメント 0/9）,overpass-api.de,,,,
東京→渋谷,24402565,forward_travel,False,35.665259,139.738839,https://www.openstreetmap.org/way/24402565,yes,secondary_link,,foot=no; highway=secondary_link; oneway=yes; ref=415,64,69,7,37.69,False,0,6,0.1,-0.00030699999999228567,2.800000000036107e-05,,,True,進行方向照合で順走（way軸と進行方向の角度差 0.1°・逆走側セグメント 0/6）,overpass-api.de,,,,
東京→渋谷,24487307,forward_travel,False,35.669394,139.742165,https://www.openstreetmap.org/way/24487307,yes,unclassified,榎坂,highway=unclassified; name=榎坂; oneway=yes; surface=asphalt,53,54,3,63.22,False,0,2,0.1,-0.0006930000000124892,7.80000000020209e-05,,,True,進行方向照合で順走（way軸と進行方向の角度差 0.1°・逆走側セグメント 0/2）,overpass-api.de,,,,
東京→渋谷,56757425,bicycle_exempt,False,35.655284,139.706623,https://www.openstreetmap.org/way/56757425,yes,unclassified,,highway=unclassified; oneway=yes; oneway:bicycle=no; source=photo; surface=asphalt,123,124,2,10.41,False,0,1,0.0,-0.00011299999999891952,-2.1000000003823516e-05,no,,True,`oneway:bicycle=no`（自転車は一方通行の対象外）,overpass-api.de,,,,
東京→渋谷,87250179,forward_travel,False,35.657402,139.700752,https://www.openstreetmap.org/way/87250179,yes,tertiary,神宮通り,highway=tertiary; lanes=1; name=神宮通り; name:en=Jingu-dori Street; oneway=yes; surface=asphalt,141,142,2,19.06,False,0,1,0.2,-8.099999999444663e-05,0.00015900000000357295,,,True,進行方向照合で順走（way軸と進行方向の角度差 0.2°・逆走側セグメント 0/1）,overpass-api.de,,,,
東京→渋谷,145405919,forward_travel,False,35.681502,139.764602,https://www.openstreetmap.org/way/145405919,yes,secondary,行幸通り,"foot=no; highway=secondary; lanes=4; name=行幸通り; name:en=Gyōkō Street; name:es=Calle Gyōkō; name:fr=Rue Gyōkō; name:ja=行幸通り; name:ja-Hira=ぎょうこうどおり; name:ja-Latn=Gyōkō-dōri; name:zh=行幸通; oneway=yes; ref=404; source=Bing,2007-04; surface=asphalt; wikidata=Q11103006; wikipedia=ja:東京都道404号皇居前東京停車場線",11,12,10,235.17,False,0,9,0.0,-0.0025200000000040745,0.000529999999997699,,,True,進行方向照合で順走（way軸と進行方向の角度差 0.0°・逆走側セグメント 0/9）,overpass-api.de,,,,
東京→渋谷,150857443,forward_travel,False,35.66969,139.751624,https://www.openstreetmap.org/way/150857443,yes,primary,祝田通り,foot=no; highway=primary; lit=yes; maxspeed=40; name=祝田通り; name:en=Iwaida-dori; name:es=Calle Iwaida; name:ja=祝田通り; name:ja_rm=Iwaida Dori; oneway=yes; ref=301,29,30,2,11.67,False,0,1,0.2,-4.6999999995023245e-05,-9.70000000037885e-05,,,True,進行方向照合で順走（way軸と進行方向の角度差 0.2°・逆走側セグメント 0/1）,overpass-api.de,,,,
東京→渋谷,150868751,forward_travel,False,35.669593,139.751577,https://www.openstreetmap.org/way/150868751,yes,secondary,外堀通り,foot=no; highway=secondary; lanes=2; maxspeed=50; name=外堀通り; name:en=Sotobori-dori; name:es=Calle Sotobori; name:ja=外堀通り; name:ja-Latn=Sotobori Dōri; oneway=yes; ref=405; surface=asphalt,30,31,6,213.99,False,0,5,0.0,-0.0021879999999896427,0.0007360000000034006,,,True,進行方向照合で順走（way軸と進行方向の角度差 0.0°・逆走側セグメント 0/5）,overpass-api.de,,,,
東京→渋谷,156645911,forward_travel,False,35.676755,139.755993,https://www.openstreetmap.org/way/156645911,yes,primary,内堀通り,cycleway:left=lane; highway=primary; lit=yes; name=内堀通り; name:en=Uchibori Street; name:es=Calle Uchibori; name:fr=Rue Uchibori; name:ja=内堀通り; name:ja-Hira=うちぼりどおり; name:ja-Latn=Uchibori-dōri; name:zh=内堀路; oneway=yes; ref=301; sidewalk:left=separate; sidewalk:right=no; source=Bing; surface=asphalt; wikidata=Q11393904,19,20,3,16.7,False,0,2,0.3,-7.499999998117346e-05,-0.0001370000000022742,,,True,進行方向照合で順走（way軸と進行方向の角度差 0.3°・逆走側セグメント 0/2）,overpass-api.de,,,,
東京→渋谷,206286735,forward_travel,False,35.67027,139.746041,https://www.openstreetmap.org/way/206286735,yes,tertiary,,highway=tertiary; oneway=yes; surface=asphalt,41,42,2,15.82,False,0,1,0.0,-0.00016599999997879422,-4.500000000007276e-05,,,True,進行方向照合で順走（way軸と進行方向の角度差 0.0°・逆走側セグメント 0/1）,overpass-api.de,,,,
東京→渋谷,239796983,forward_travel,False,35.682032,139.762082,https://www.openstreetmap.org/way/239796983,yes,secondary,行幸通り,"foot=no; highway=secondary; lanes=3; lit=yes; name=行幸通り; name:en=Gyōkō Street; name:es=Calle Gyōkō; name:fr=Rue Gyōkō; name:ja=行幸通り; name:ja-Hira=ぎょうこうどおり; name:ja-Latn=Gyōkō-dōri; name:zh=行幸通; oneway=yes; ref=404; source=Bing,2007-04; surface=asphalt; wikidata=Q11103006; wikipedia=ja:東京都道404号皇居前東京停車場線",12,13,5,222.39,False,0,4,0.0,-0.0023730000000057316,0.0005340000000018108,,,True,進行方向照合で順走（way軸と進行方向の角度差 0.0°・逆走側セグメント 0/4）,overpass-api.de,,,,
東京→渋谷,253070416,forward_travel,False,35.659378,139.720202,https://www.openstreetmap.org/way/253070416,yes,secondary,六本木通り,highway=secondary; lanes=2; name=六本木通り; name:en=Roppongi-dori Avenue; oneway=yes; ref=412; source=Bing;Bing 2010; surface=paved,101,104,4,186.8,False,0,3,0.0,-0.0020539999999868996,-0.00018099999999776628,,,True,進行方向照合で順走（way軸と進行方向の角度差 0.0°・逆走側セグメント 0/3）,overpass-api.de,,,,
東京→渋谷,253070419,forward_travel,False,35.660098,139.725132,https://www.openstreetmap.org/way/253070419,yes,secondary,霞ヶ関渋谷線(霞町陸橋),highway=secondary; lanes=2; name=霞ヶ関渋谷線(霞町陸橋); oneway=yes; ref=412; source=Bing; surface=asphalt,94,95,2,62.21,False,0,1,0.0,-0.0006539999999972679,-0.0001759999999961792,,,True,進行方向照合で順走（way軸と進行方向の角度差 0.0°・逆走側セグメント 0/1）,overpass-api.de,,,,
東京→渋谷,253070422,forward_travel,False,35.659617,139.722996,https://www.openstreetmap.org/way/253070422,yes,secondary,霞ヶ関渋谷線(霞町陸橋),bridge=yes; highway=secondary; lanes=2; layer=1; maxspeed=60; name=霞ヶ関渋谷線(霞町陸橋); oneway=yes; ref=412; source=Bing,95,101,7,266.43,False,0,6,0.0,-0.0028900000000078307,-0.00044700000000119644,,,True,進行方向照合で順走（way軸と進行方向の角度差 0.0°・逆走側セグメント 0/6）,overpass-api.de,,,,
東京→渋谷,257223007,forward_travel,False,35.661401,139.728633,https://www.openstreetmap.org/way/257223007,yes,secondary,六本木通り(六本木六丁目),highway=secondary; lanes=3; name=六本木通り(六本木六丁目); name:en=Roppongi-dori; name:es=Calle Roppongi; oneway=yes; ref=412; source=Bing 2010; surface=asphalt,89,90,2,16.2,False,0,1,0.1,-0.00014999999999076863,-7.899999999949614e-05,,,True,進行方向照合で順走（way軸と進行方向の角度差 0.1°・逆走側セグメント 0/1）,overpass-api.de,,,,
東京→渋谷,261065060,forward_travel,False,35.667181,139.739433,https://www.openstreetmap.org/way/261065060,yes,secondary,高輪麻布線,highway=secondary; lanes=2; name=高輪麻布線; name:en=Takanawa-Azabu Line; name:ja=高輪麻布線; oneway=yes; ref=415; source=Bing 2010; surface=paved,60,62,3,64.19,False,0,2,0.1,-0.0003600000000005821,-0.0004970000000028563,,,True,進行方向照合で順走（way軸と進行方向の角度差 0.1°・逆走側セグメント 0/2）,overpass-api.de,,,,
東京→渋谷,261065070,forward_travel,False,35.669472,139.741472,https://www.openstreetmap.org/way/261065070,yes,secondary,六本木通り,highway=secondary; lanes=3; name=六本木通り; name:en=Roppongi-dori; name:es=Calle Roppongi; name:ja_rm=Roppongi Dōri; oneway=yes; ref=412; source=Bing 2010; surface=paved,54,55,3,18.84,False,0,2,0.0,-0.00013500000000021828,-0.0001299999999986312,,,True,進行方向照合で順走（way軸と進行方向の角度差 0.0°・逆走側セグメント 0/2）,overpass-api.de,,,,
東京→渋谷,271979227,forward_travel,False,35.663173,139.732355,https://www.openstreetmap.org/way/271979227,yes,secondary,六本木通り,highway=secondary; lanes=3; name=六本木通り; name:en=Roppongi-dori; name:es=Calle Roppongi; oneway=yes; ref=412; source=Bing 2010; surface=paved; turn:lanes=slight_left;left|through|through,84,85,2,2.62,False,0,1,0.1,-2.600000001962144e-05,-1.1999999998124622e-05,,,True,進行方向照合で順走（way軸と進行方向の角度差 0.1°・逆走側セグメント 0/1）,overpass-api.de,,,,
東京→渋谷,271979229,forward_travel,False,35.661624,139.729057,https://www.openstreetmap.org/way/271979229,yes,secondary,六本木通り(六本木六丁目),highway=secondary; lanes=3; name=六本木通り(六本木六丁目); name:en=Roppongi-dori; name:es=Calle Roppongi; oneway=yes; ref=412; source=Bing 2010; surface=asphalt,87,88,2,35.48,False,0,1,0.1,-0.0003280000000245309,-0.00017600000000328464,,,True,進行方向照合で順走（way軸と進行方向の角度差 0.1°・逆走側セグメント 0/1）,overpass-api.de,,,,
東京→渋谷,274499718,forward_travel,False,35.657885,139.700491,https://www.openstreetmap.org/way/274499718,yes,tertiary,神宮通り,highway=tertiary; lit=yes; name=神宮通り; name:en=Jingu-dori Street; oneway=yes; surface=asphalt,143,144,3,11.43,False,0,2,0.3,-5.200000001082117e-05,9.399999999715192e-05,,,True,進行方向照合で順走（way軸と進行方向の角度差 0.3°・逆走側セグメント 0/2）,overpass-api.de,,,,
東京→渋谷,274499723,forward_travel,False,35.657979,139.700439,https://www.openstreetmap.org/way/274499723,yes,tertiary,神宮通り,highway=tertiary; lit=yes; name=神宮通り; name:en=Jingu-dori Street; oneway=yes; surface=asphalt,144,145,2,5.69,False,0,1,0.5,-2.2999999998774e-05,4.7999999999603915e-05,,,True,進行方向照合で順走（way軸と進行方向の角度差 0.5°・逆走側セグメント 0/1）,overpass-api.de,,,,
東京→渋谷,310155079,forward_travel,False,35.6558,139.705929,https://www.openstreetmap.org/way/310155079,yes,primary,明治通り,"highway=primary; int_name=Meiji-dori; lanes=2; lit=yes; maxspeed=50; name=明治通り; name:en=Meiji-dori Avenue; name:es=Calle Meiji; name:ja=明治通り; name:ja-Hira=めいじどおり; name:ja-Latn=Meiji-dōri; oneway=yes; ref=305; source=Bing,2007-04; surface=asphalt",124,131,11,290.51,False,0,10,0.0,-0.0023390000000063083,0.0017789999999990869,,,True,進行方向照合で順走（way軸と進行方向の角度差 0.0°・逆走側セグメント 0/10）,overpass-api.de,,,,
東京→渋谷,350053180,forward_travel,False,35.667742,139.739891,https://www.openstreetmap.org/way/350053180,yes,secondary,六本木通り,highway=secondary; lanes=3; name=六本木通り; name:en=Roppongi-dori; name:es=Calle Roppongi; name:ja_rm=Roppongi Dōri; oneway=yes; ref=412; source=Bing 2010; surface=asphalt,59,60,2,38.27,False,0,1,0.0,-0.0002340000000060627,-0.0002859999999955676,,,True,進行方向照合で順走（way軸と進行方向の角度差 0.0°・逆走側セグメント 0/1）,overpass-api.de,,,,
東京→渋谷,367462235,forward_travel,False,35.665673,139.737293,https://www.openstreetmap.org/way/367462235,yes,secondary,六本木通り,highway=secondary; lanes=3; name=六本木通り; name:en=Roppongi-dori; name:es=Calle Roppongi; name:fr=Rue Roppongi; name:ja=六本木通り; name:ja-Hira=ろっぽんぎどおり; name:ja-Latn=Roppongi-dōri; name:ko=롯본기도리; oneway=yes; ref=412; source=Bing 2010; surface=paved,77,79,4,138.27,False,0,3,0.0,-0.0012619999999969878,-0.0007020000000039772,,,True,進行方向照合で順走（way軸と進行方向の角度差 0.0°・逆走側セグメント 0/3）,overpass-api.de,,,,
東京→渋谷,390852604,forward_travel,False,35.65926,139.718906,https://www.openstreetmap.org/way/390852604,yes,secondary,六本木通り,highway=secondary; lanes=3; maxspeed=60; name=六本木通り; name:en=Roppongi-dori Avenue; oneway=yes; ref=412; source=Bing 2010; surface=paved,106,107,2,42.93,False,0,1,0.1,-0.00047200000000202635,-4.3000000005122274e-05,,,True,進行方向照合で順走（way軸と進行方向の角度差 0.1°・逆走側セグメント 0/1）,overpass-api.de,,,,
東京→渋谷,538982917,forward_travel,False,35.672219,139.753045,https://www.openstreetmap.org/way/538982917,yes,primary,祝田通り,cycleway:left=lane; highway=primary; lit=yes; name=祝田通り; name:en=Iwaida Dori; name:es=Calle Iwaida; name:fr=Rue Iwaida; name:ja-Hira=いわいだどおり; name:ja-Latn=Iwaida-dōri; oneway=yes; ref=301; source=Bing; surface=asphalt; wikidata=Q11102991,24,26,5,218.29,False,0,4,0.0,-0.0011299999999891952,-0.0017350000000035948,,,True,進行方向照合で順走（way軸と進行方向の角度差 0.0°・逆走側セグメント 0/4）,overpass-api.de,,,,
東京→渋谷,538982921,forward_travel,False,35.678176,139.756874,https://www.openstreetmap.org/way/538982921,yes,primary,内堀通り,"cycleway:left=shared_lane; highway=primary; lanes=3; lit=yes; name=内堀通り; name:en=Uchibori Street; name:es=Calle Uchibori; name:fr=Rue Uchibori; name:ja=内堀通り; name:ja-Hira=うちぼりどおり; name:ja-Latn=Uchibori-dōri; name:zh=内堀路; oneway=yes; ref=301; sidewalk:left=separate; sidewalk:right=no; source=Bing,2007-04; surface=asphalt; wikidata=Q11393904",15,17,7,261.65,False,0,6,0.0,-0.0013289999999983593,-0.002091000000000065,,,True,進行方向照合で順走（way軸と進行方向の角度差 0.0°・逆走側セグメント 0/6）,overpass-api.de,,,,
東京→渋谷,691015446,forward_travel,False,35.681939,139.759295,https://www.openstreetmap.org/way/691015446,yes,primary,内堀通り,"alt_name:fr=Rue de la douve intérieure; cycleway:left=shared_lane; foot=no; highway=primary; lanes=3; lit=yes; name=内堀通り; name:en=Uchibori Street; name:es=Calle Uchibori; name:fr=Rue Uchibori; name:ja=内堀通り; name:ja-Hira=うちぼりどおり; name:ja-Latn=Uchibori-dōri; name:zh=内堀路; oneway=yes; ref=301; sidewalk:left=separate; sidewalk:right=no; source=Bing,2007-04; surface=asphalt; wikidata=Q11393904",13,15,7,393.75,False,0,6,0.0,-0.002028999999993175,-0.0031340000000028567,,,True,進行方向照合で順走（way軸と進行方向の角度差 0.0°・逆走側セグメント 0/6）,overpass-api.de,,,,
東京→渋谷,760775979,forward_travel,False,35.669582,139.744795,https://www.openstreetmap.org/way/760775979,yes,tertiary,,highway=tertiary; oneway=yes; surface=asphalt,43,47,9,205.72,False,0,8,0.0,-0.0018049999999902866,-0.001125000000001819,,,True,進行方向照合で順走（way軸と進行方向の角度差 0.0°・逆走側セグメント 0/8）,overpass-api.de,,,,
東京→渋谷,760775980,forward_travel,False,35.670225,139.745875,https://www.openstreetmap.org/way/760775980,yes,tertiary,,highway=tertiary; oneway=yes; surface=asphalt,42,43,2,12.73,False,0,1,0.2,-0.00012500000002546585,-5.3999999998666226e-05,,,True,進行方向照合で順走（way軸と進行方向の角度差 0.2°・逆走側セグメント 0/1）,overpass-api.de,,,,
東京→渋谷,775539561,forward_travel,False,35.658936,139.715464,https://www.openstreetmap.org/way/775539561,yes,secondary,六本木通り,highway=secondary; lanes=3; name=六本木通り; name:en=Roppongi-dori Avenue; oneway=yes; ref=412; source=Bing 2010; surface=paved,110,111,3,30.34,False,0,2,0.1,-0.00033400000000938235,-3.299999999484271e-05,,,True,進行方向照合で順走（way軸と進行方向の角度差 0.1°・逆走側セグメント 0/2）,overpass-api.de,,,,
東京→渋谷,821526544,forward_travel,False,35.658438,139.710316,https://www.openstreetmap.org/way/821526544,yes,secondary,六本木通り,highway=secondary; lanes=3; name=六本木通り; name:en=Roppongi-dori Avenue; oneway=yes; ref=412; source=Bing 2010; surface=paved,116,117,2,25.6,False,0,1,0.0,-0.00028100000000108594,-2.9999999995311555e-05,,,True,進行方向照合で順走（way軸と進行方向の角度差 0.0°・逆走側セグメント 0/1）,overpass-api.de,,,,
東京→渋谷,821526547,forward_travel,False,35.658538,139.71137,https://www.openstreetmap.org/way/821526547,yes,secondary,六本木通り,highway=secondary; lanes=3; layer=-1; name=六本木通り; name:en=Roppongi-dori Avenue; oneway=yes; ref=412; source=Bing 2010; surface=paved; tunnel=yes,115,116,2,95.9,False,0,1,0.0,-0.0010539999999821248,-0.00010000000000331966,,,True,進行方向照合で順走（way軸と進行方向の角度差 0.0°・逆走側セグメント 0/1）,overpass-api.de,,,,
東京→渋谷,862139024,forward_travel,False,35.676037,139.755551,https://www.openstreetmap.org/way/862139024,yes,primary,祝田通り,cycleway:left=lane; highway=primary; lit=yes; name=祝田通り; name:en=Iwaida Dori; name:es=Calle Iwaida; name:fr=Rue Iwaida; name:ja-Hira=いわいだどおり; name:ja-Latn=Iwaida-dōri; oneway=yes; ref=301; sidewalk:left=separate; sidewalk:right=no; source=Bing; surface=asphalt; wikidata=Q11102991,20,24,6,366.72,False,0,5,0.0,-0.0018950000000188538,-0.0029169999999965057,,,True,進行方向照合で順走（way軸と進行方向の角度差 0.0°・逆走側セグメント 0/5）,overpass-api.de,,,,
東京→渋谷,888162704,forward_travel,False,35.66096,139.727611,https://www.openstreetmap.org/way/888162704,yes,secondary,六本木通り,highway=secondary; lanes=3; name=六本木通り; name:en=Roppongi-dori; name:es=Calle Roppongi; oneway=yes; ref=412; source=Bing 2010; surface=asphalt,90,94,9,332.12,False,0,8,0.0,-0.0033510000000092077,-0.001224000000000558,,,True,進行方向照合で順走（way軸と進行方向の角度差 0.0°・逆走側セグメント 0/8）,overpass-api.de,,,,
東京→渋谷,888162706,forward_travel,False,35.661448,139.728729,https://www.openstreetmap.org/way/888162706,yes,secondary,六本木通り(六本木六丁目),highway=secondary; lanes=3; name=六本木通り(六本木六丁目); name:en=Roppongi-dori; name:es=Calle Roppongi; oneway=yes; ref=412; source=Bing 2010; surface=asphalt,88,89,2,10.15,False,0,1,0.2,-9.599999998499698e-05,-4.700000000212867e-05,,,True,進行方向照合で順走（way軸と進行方向の角度差 0.2°・逆走側セグメント 0/1）,overpass-api.de,,,,
東京→渋谷,922476289,forward_travel,False,35.658644,139.712561,https://www.openstreetmap.org/way/922476289,yes,secondary,六本木通り,highway=secondary; lanes=3; name=六本木通り; name:en=Roppongi-dori Avenue; oneway=yes; ref=412; source=Bing 2010; surface=paved,114,115,3,108.2,False,0,2,0.0,-0.0011910000000057153,-0.00010600000000238197,,,True,進行方向照合で順走（way軸と進行方向の角度差 0.0°・逆走側セグメント 0/2）,overpass-api.de,,,,
東京→渋谷,922476291,forward_travel,False,35.658709,139.713253,https://www.openstreetmap.org/way/922476291,yes,secondary,六本木通り,highway=secondary; lanes=3; name=六本木通り; name:en=Roppongi-dori Avenue; oneway=yes; ref=412; source=Bing 2010; surface=paved; turn:lanes=left;through|through|through,113,114,3,62.92,False,0,2,0.0,-0.0006920000000150139,-6.49999999993156e-05,,,True,進行方向照合で順走（way軸と進行方向の角度差 0.0°・逆走側セグメント 0/2）,overpass-api.de,,,,
東京→渋谷,922476294,forward_travel,False,35.658408,139.710035,https://www.openstreetmap.org/way/922476294,yes,secondary,六本木通り,highway=secondary; lanes=3; name=六本木通り; name:en=Roppongi-dori Avenue; oneway=yes; ref=412; source=Bing 2010; surface=paved,117,118,3,95.25,False,0,2,0.0,-0.001046999999999798,-0.0001010000000007949,,,True,進行方向照合で順走（way軸と進行方向の角度差 0.0°・逆走側セグメント 0/2）,overpass-api.de,,,,
東京→渋谷,922476295,forward_travel,False,35.658307,139.708988,https://www.openstreetmap.org/way/922476295,yes,secondary,六本木通り,highway=secondary; lanes=3; name=六本木通り; name:en=Roppongi-dori Avenue; oneway=yes; ref=412; source=Bing 2010; surface=paved; turn:lanes=left;through|through;slight_right|right,118,119,4,56.96,False,0,3,0.0,-0.0006260000000111177,-5.800000000277805e-05,,,True,進行方向照合で順走（way軸と進行方向の角度差 0.0°・逆走側セグメント 0/3）,overpass-api.de,,,,
東京→渋谷,924385392,forward_travel,False,35.668185,139.740273,https://www.openstreetmap.org/way/924385392,yes,secondary,六本木通り,highway=secondary; lanes=3; name=六本木通り; name:en=Roppongi-dori; name:es=Calle Roppongi; name:ja_rm=Roppongi Dōri; oneway=yes; ref=412; source=Bing 2010; surface=concrete,58,59,2,60.17,False,0,1,0.0,-0.00038200000000188084,-0.00044300000000419004,,,True,進行方向照合で順走（way軸と進行方向の角度差 0.0°・逆走側セグメント 0/1）,overpass-api.de,,,,
東京→渋谷,924743237,forward_travel,False,35.669342,139.741337,https://www.openstreetmap.org/way/924743237,yes,secondary,六本木通り,highway=secondary; lanes=3; name=六本木通り; name:en=Roppongi-dori; name:es=Calle Roppongi; name:ja_rm=Roppongi Dōri; oneway=yes; ref=412; source=Bing 2010; surface=asphalt,55,56,2,12.14,False,0,1,0.2,-8.299999998939711e-05,-8.600000000313912e-05,,,True,進行方向照合で順走（way軸と進行方向の角度差 0.2°・逆走側セグメント 0/1）,overpass-api.de,,,,
東京→渋谷,924743240,forward_travel,False,35.668841,139.740861,https://www.openstreetmap.org/way/924743240,yes,secondary,六本木通り,highway=secondary; lanes=3; name=六本木通り; name:en=Roppongi-dori; name:es=Calle Roppongi; name:ja_rm=Roppongi Dōri; oneway=yes; ref=412; source=Bing 2010; surface=paved,56,58,6,148.43,False,0,5,0.0,-0.0009809999999959018,-0.0010709999999960473,,,True,進行方向照合で順走（way軸と進行方向の角度差 0.0°・逆走側セグメント 0/5）,overpass-api.de,,,,
東京→渋谷,927004516,forward_travel,False,35.663219,139.732459,https://www.openstreetmap.org/way/927004516,yes,secondary,六本木通り,highway=secondary; lanes=3; name=六本木通り; name:en=Roppongi-dori; name:es=Calle Roppongi; name:ja_rm=Roppongi Dōri; oneway=yes; ref=412; source=Bing 2010; surface=paved; turn:lanes=slight_left;left|through|through,83,84,2,10.76,False,0,1,0.1,-0.00010399999999322063,-4.5999999997548e-05,,,True,進行方向照合で順走（way軸と進行方向の角度差 0.1°・逆走側セグメント 0/1）,overpass-api.de,,,,
東京→渋谷,927004519,forward_travel,False,35.661952,139.729732,https://www.openstreetmap.org/way/927004519,yes,secondary,六本木通り,highway=secondary; lanes=3; name=六本木通り; name:en=Roppongi-dori; name:es=Calle Roppongi; oneway=yes; ref=412; source=Bing 2010; surface=paved,85,87,12,341.5,False,0,11,0.0,-0.00327199999998129,-0.0015369999999990114,,,True,進行方向照合で順走（way軸と進行方向の角度差 0.0°・逆走側セグメント 0/11）,overpass-api.de,,,,
東京→渋谷,927004526,forward_travel,False,35.664694,139.735299,https://www.openstreetmap.org/way/927004526,yes,secondary,六本木通り,highway=secondary; lanes=3; name=六本木通り; name:en=Roppongi-dori; name:es=Calle Roppongi; name:fr=Rue Roppongi; name:ja=六本木通り; name:ja-Hira=ろっぽんぎどおり; name:ja-Latn=Roppongi-dōri; oneway=yes; ref=412; source=Bing 2010; surface=asphalt; turn:lanes=slight_left;left|through|through,80,81,4,150.11,False,0,3,0.0,-0.0013889999999889824,-0.0007409999999978822,,,True,進行方向照合で順走（way軸と進行方向の角度差 0.0°・逆走側セグメント 0/3）,overpass-api.de,,,,
東京→渋谷,931757786,forward_travel,False,35.670329,139.749389,https://www.openstreetmap.org/way/931757786,yes,secondary,外堀通り,foot=no; highway=secondary; lanes=2; name=外堀通り; name:en=Sotobori-dori; name:es=Calle Sotobori; name:ja=外堀通り; name:ja_rm=Sotobori Dōri; oneway=yes; ref=405; surface=paved,31,32,2,12.47,False,0,1,0.0,-0.00012499999999704414,4.7999999999603915e-05,,,True,進行方向照合で順走（way軸と進行方向の角度差 0.0°・逆走側セグメント 0/1）,overpass-api.de,,,,
東京→渋谷,931757789,forward_travel,False,35.670422,139.748516,https://www.openstreetmap.org/way/931757789,yes,secondary,外堀通り,foot=no; highway=secondary; lanes=2; name=外堀通り; name:en=Sotobori-dori; name:es=Calle Sotobori; name:ja=外堀通り; name:ja_rm=Sotobori Dōri; oneway=yes; ref=405; surface=paved,32,41,16,297.89,False,0,15,0.0,-0.003223000000019738,-0.00010699999999985721,,,True,進行方向照合で順走（way軸と進行方向の角度差 0.0°・逆走側セグメント 0/15）,overpass-api.de,,,,
東京→渋谷,934621076,forward_travel,False,35.663306,139.732648,https://www.openstreetmap.org/way/934621076,yes,secondary,六本木通り,highway=secondary; lanes=3; name=六本木通り; name:en=Roppongi-dori; name:es=Calle Roppongi; name:fr=Rue Roppongi; name:ja=六本木通り; name:ja-Hira=ろっぽんぎどおり; name:ja-Latn=Roppongi-dōri; oneway=yes; ref=412; source=Bing 2010; surface=asphalt; turn:lanes=slight_left;left|through|through,81,83,8,154.38,False,0,7,0.0,-0.0014510000000029777,-0.0007340000000013447,,,True,進行方向照合で順走（way軸と進行方向の角度差 0.0°・逆走側セグメント 0/7）,overpass-api.de,,,,
東京→渋谷,934621081,forward_travel,False,35.665296,139.736567,https://www.openstreetmap.org/way/934621081,yes,secondary,六本木通り,highway=secondary; lanes=3; name=六本木通り; name:en=Roppongi-dori; name:es=Calle Roppongi; name:fr=Rue Roppongi; name:ja=六本木通り; name:ja-Hira=ろっぽんぎどおり; name:ja-Latn=Roppongi-dōri; name:ko=롯본기도리; oneway=yes; ref=412; source=Bing 2010; surface=asphalt,79,80,4,132.68,False,0,3,0.0,-0.001268000000010261,-0.0006020000000006576,,,True,進行方向照合で順走（way軸と進行方向の角度差 0.0°・逆走側セグメント 0/3）,overpass-api.de,,,,
東京→渋谷,935686679,forward_travel,False,35.659273,139.719031,https://www.openstreetmap.org/way/935686679,yes,secondary,六本木通り(高樹町),highway=secondary; lanes=3; name=六本木通り(高樹町); name:en=Roppongi-dori Avenue; oneway=yes; ref=412; source=Bing 2010; surface=paved,105,106,2,11.39,False,0,1,0.2,-0.00012499999999704414,-1.2999999995599865e-05,,,True,進行方向照合で順走（way軸と進行方向の角度差 0.2°・逆走側セグメント 0/1）,overpass-api.de,,,,
東京→渋谷,935686680,forward_travel,False,35.659294,139.719534,https://www.openstreetmap.org/way/935686680,yes,secondary,六本木通り(高樹町),highway=secondary; lanes=5; maxspeed=60; name=六本木通り(高樹町); name:en=Roppongi-dori Avenue; oneway=yes; ref=412; source=Bing;Bing 2010; surface=paved,104,105,3,45.5,False,0,2,0.0,-0.000503000000009024,-2.1000000003823516e-05,,,True,進行方向照合で順走（way軸と進行方向の角度差 0.0°・逆走側セグメント 0/2）,overpass-api.de,,,,
東京→渋谷,1035575358,forward_travel,False,35.658903,139.71513,https://www.openstreetmap.org/way/1035575358,yes,secondary,六本木通り,highway=secondary; lanes=3; name=六本木通り; name:en=Roppongi-dori Avenue; oneway=yes; ref=412; source=Bing 2010; surface=paved,111,112,3,163.17,False,0,2,0.0,-0.0017909999999972115,-0.0001850000000018781,,,True,進行方向照合で順走（way軸と進行方向の角度差 0.0°・逆走側セグメント 0/2）,overpass-api.de,,,,
東京→渋谷,1087233628,forward_travel,False,35.657826,139.703298,https://www.openstreetmap.org/way/1087233628,yes,primary,明治通り,highway=primary; int_name=Meiji-dori; lanes=4; lit=yes; maxspeed=50; name=明治通り; name:en=Meiji Avenue; name:es=Calle Meiji; name:fr=Rue Meiji; name:ja=明治通り; name:ja-Hira=めいじどおり; name:ja-Latn=Meiji-dōri; oneway=yes; ref=305; source=Bing 2007-04; surface=asphalt; turn:lanes=left;slight_left;through|through|right|right; wikidata=Q8011176,131,133,3,136.59,False,0,2,0.0,-0.0009980000000098244,0.000922000000002754,,,True,進行方向照合で順走（way軸と進行方向の角度差 0.0°・逆走側セグメント 0/2）,overpass-api.de,,,,
東京→渋谷,1117318750,forward_travel,False,35.657946,139.702773,https://www.openstreetmap.org/way/1117318750,yes,trunk_link,玉川通り,destination=三軒茶屋;渋谷駅西口(20時から8時のみ); highway=trunk_link; lanes=1; maxspeed=60; name=玉川通り; name:en=Tamagawa Street; name:es=Calle Tamagawa; name:fr=Rue Tamagawa; name:ja=玉川通り; name:ja-Hira=たまがわどおり; name:ja-Latn=Tamagawa-dōri; oneway=yes; ref=246; wikidata=Q111948597,133,137,5,96.04,False,0,4,0.0,-0.0010019999999997253,-0.00022400000000288856,,,True,進行方向照合で順走（way軸と進行方向の角度差 0.0°・逆走側セグメント 0/4）,overpass-api.de,,,,
東京→渋谷,1117318753,forward_travel,False,35.657204,139.700855,https://www.openstreetmap.org/way/1117318753,yes,tertiary,神宮通り,highway=tertiary; lanes=2; name=神宮通り; name:en=Jingu-dori Street; oneway=yes; surface=asphalt,140,141,2,23.95,False,0,1,0.2,-0.00010299999999574538,0.00019799999999747797,,,True,進行方向照合で順走（way軸と進行方向の角度差 0.2°・逆走側セグメント 0/1）,overpass-api.de,,,,
東京→渋谷,1117318760,forward_travel,False,35.657593,139.701738,https://www.openstreetmap.org/way/1117318760,yes,trunk_link,玉川通り,highway=trunk_link; lanes=1; name=玉川通り; name:en=Tamagawa Street; name:es=Calle Tamagawa; name:fr=Rue Tamagawa; name:ja=玉川通り; name:ja-Hira=たまがわどおり; name:ja-Latn=Tamagawa-dōri; oneway=yes; ref=246; wikidata=Q111948597,138,139,3,81.19,False,0,2,0.0,-0.0008280000000127075,-0.00028499999999809233,,,True,進行方向照合で順走（way軸と進行方向の角度差 0.0°・逆走側セグメント 0/2）,overpass-api.de,,,,
東京→渋谷,1117318761,forward_travel,False,35.65774,139.702171,https://www.openstreetmap.org/way/1117318761,yes,trunk_link,玉川通り,highway=trunk_link; lanes=1; layer=-1; name=玉川通り; name:en=Tamagawa Street; name:es=Calle Tamagawa; name:fr=Rue Tamagawa; name:ja=玉川通り; name:ja-Hira=たまがわどおり; name:ja-Latn=Tamagawa-dōri; oneway=yes; ref=246; tunnel=yes; wikidata=Q111948597,137,138,2,42.39,False,0,1,0.0,-0.00043299999998680505,-0.0001469999999983429,,,True,進行方向照合で順走（way軸と進行方向の角度差 0.0°・逆走側セグメント 0/1）,overpass-api.de,,,,
東京→渋谷,1117793792,forward_travel,False,35.657308,139.70091,https://www.openstreetmap.org/way/1117793792,yes,trunk_link,玉川通り,access:conditional=no @ (08:00-20:00); highway=trunk_link; lanes=1; name=玉川通り; oneway=yes; ref=246,139,140,2,12.62,False,0,1,0.1,-5.5000000003246896e-05,-0.00010400000000032605,,,True,進行方向照合で順走（way軸と進行方向の角度差 0.1°・逆走側セグメント 0/1）,overpass-api.de,,,,
東京→渋谷,1118680558,forward_travel,False,35.65915,139.717757,https://www.openstreetmap.org/way/1118680558,yes,secondary,六本木通り,highway=secondary; lanes=3; maxspeed=60; name=六本木通り; name:en=Roppongi-dori Avenue; oneway=yes; ref=412; source=Bing 2010; surface=paved,107,110,6,270.17,False,0,5,0.0,-0.002970000000004802,-0.00028100000000108594,,,True,進行方向照合で順走（way軸と進行方向の角度差 0.0°・逆走側セグメント 0/5）,overpass-api.de,,,,
東京→渋谷,1328569396,forward_travel,False,35.658718,139.713339,https://www.openstreetmap.org/way/1328569396,yes,secondary,六本木通り,highway=secondary; lanes=3; name=六本木通り; name:en=Roppongi-dori Avenue; oneway=yes; ref=412; source=Bing 2010; surface=paved; turn:lanes=left;through|through|through,112,113,2,7.83,False,0,1,0.0,-8.599999998182284e-05,-8.999999998593466e-06,,,True,進行方向照合で順走（way軸と進行方向の角度差 0.0°・逆走側セグメント 0/1）,overpass-api.de,,,,
東京→渋谷,1352491738,forward_travel,False,35.677341,139.756351,https://www.openstreetmap.org/way/1352491738,yes,primary,内堀通り,"bridge=yes; bridge:name=祝田橋; bridge:name:en=Iwaida Bridge; bridge:name:fr=Pont Iwaida; bridge:name:ja-Hira=いわたばし; bridge:name:ja-Latn=Iwaida-bashi; cycleway:left=shared_lane; highway=primary; lanes=5; layer=1; lit=yes; maxweight:signed=no; name=内堀通り; name:en=Uchibori Street; name:es=Calle Uchibori; name:fr=Rue Uchibori; name:ja=内堀通り; name:ja-Hira=うちぼりどおり; name:ja-Latn=Uchibori-dōri; name:zh=内堀路; oneway=yes; ref=301; sidewalk:left=separate; sidewalk:right=no; source=Bing,2007-04; surface=asphalt; wikidata=Q11393904",17,18,4,54.22,False,0,3,0.0,-0.00027000000000043656,-0.0004349999999959664,,,True,進行方向照合で順走（way軸と進行方向の角度差 0.0°・逆走側セグメント 0/3）,overpass-api.de,,,,
東京→渋谷,1352491739,forward_travel,False,35.676906,139.756081,https://www.openstreetmap.org/way/1352491739,yes,primary,内堀通り,"cycleway:left=shared_lane; highway=primary; lit=yes; name=内堀通り; name:en=Uchibori Street; name:es=Calle Uchibori; name:fr=Rue Uchibori; name:ja=内堀通り; name:ja-Hira=うちぼりどおり; name:ja-Latn=Uchibori-dōri; name:zh=内堀路; oneway=yes; ref=301; sidewalk:left=separate; sidewalk:right=no; source=Bing,2007-04; surface=asphalt; wikidata=Q11393904",18,19,3,18.56,False,0,2,0.2,-8.800000000519503e-05,-0.00015100000000245473,,,True,進行方向照合で順走（way軸と進行方向の角度差 0.2°・逆走側セグメント 0/2）,overpass-api.de,,,,
東京→渋谷,1379883567,forward_travel,False,35.657561,139.700671,https://www.openstreetmap.org/way/1379883567,yes,tertiary,神宮通り,highway=tertiary; lit=yes; name=神宮通り; name:en=Jingu-dori Street; oneway=yes; surface=asphalt,142,143,2,39.58,False,0,1,0.0,-0.00018000000000029104,0.0003239999999991028,,,True,進行方向照合で順走（way軸と進行方向の角度差 0.0°・逆走側セグメント 0/1）,overpass-api.de,,,,
新宿→池袋,39436594,forward_travel,False,35.689718,139.701499,https://www.openstreetmap.org/way/39436594,yes,residential,,highway=residential; oneway=yes; surface=asphalt,18,21,5,45.23,False,0,4,0.0,0.00048599999999510146,9.000000000014552e-05,,,True,進行方向照合で順走（way軸と進行方向の角度差 0.0°・逆走側セグメント 0/4）,overpass-api.de,,,,
新宿→池袋,39436597,bicycle_exempt,False,35.690438,139.704335,https://www.openstreetmap.org/way/39436597,yes,unclassified,新宿中央通り,"highway=unclassified; lanes=1; motor_vehicle=designated; name=新宿中央通り; note=Parking 40 minutes 7-20, except Jan 1-3; oneway=yes; oneway:bicycle=no",34,37,4,52.11,True,3,3,180.0,0.0004950000000008004,-0.00018599999999935335,no,,True,`oneway:bicycle=no`（自転車は一方通行の対象外）,overpass-api.de,,,,
新宿→池袋,136938165,forward_travel,False,35.69026,139.703872,https://www.openstreetmap.org/way/136938165,yes,unclassified,,highway=unclassified; motor_vehicle=designated; oneway=yes,30,34,5,77.04,False,0,4,0.0,0.00032699999999863394,0.0006319999999959691,,,True,進行方向照合で順走（way軸と進行方向の角度差 0.0°・逆走側セグメント 0/4）,overpass-api.de,,,,
新宿→池袋,137189954,forward_travel,False,35.689708,139.702626,https://www.openstreetmap.org/way/137189954,yes,residential,,highway=residential; oneway=yes; source=Bing,22,24,5,105.16,False,0,4,0.0,0.0011309999999866704,0.00022299999999830789,,,True,進行方向照合で順走（way軸と進行方向の角度差 0.0°・逆走側セグメント 0/4）,overpass-api.de,,,,
新宿→池袋,156260997,forward_travel,False,35.714648,139.711457,https://www.openstreetmap.org/way/156260997,yes,primary,明治通り,bridge=yes; bridge:name=高戸橋; bridge:name:en=Takato Bridge; bridge:name:fr=Pont Takato; bridge:name:ja-Hira=たかとばし; bridge:name:ja-Latn=Takato-bashi; highway=primary; layer=1; lit=yes; name=明治通り; name:en=Meiji Street; name:es=Calle Meiji; name:fr=Rue Meiji; name:ja-Hira=めいじどおり; name:ja-Latn=Meiji-dōri; oneway=yes; ref=305; source=Bing 2010; surface=paved; wikidata=Q8011176,67,68,2,37.46,False,0,1,0.0,0.000160999999991418,0.0003110000000035029,,,True,進行方向照合で順走（way軸と進行方向の角度差 0.0°・逆走側セグメント 0/1）,overpass-api.de,,,,
新宿→池袋,156260998,forward_travel,False,35.715509,139.711897,https://www.openstreetmap.org/way/156260998,yes,primary,明治通り,highway=primary; lanes=2; lit=yes; name=明治通り; name:en=Meiji Street; name:es=Calle Meiji; name:fr=Rue Meiji; name:ja-Hira=めいじどおり; name:ja-Latn=Meiji-dōri; oneway=yes; ref=305; source=Bing 2010; surface=asphalt; wikidata=Q8011176,68,70,9,394.1,False,0,8,0.0,0.001553999999998723,0.003310999999996511,,,True,進行方向照合で順走（way軸と進行方向の角度差 0.0°・逆走側セグメント 0/8）,overpass-api.de,,,,
新宿→池袋,199152193,forward_travel,False,35.691354,139.705119,https://www.openstreetmap.org/way/199152193,yes,primary,明治通り,"cycleway:left=shared_lane; cycleway:left:lane=pictogram; foot=no; highway=primary; int_name=Meiji-dori; lanes=2; lit=yes; maxspeed=50; name=明治通り; name:en=Meiji Street; name:es=Calle Meiji; name:fr=Rue Meiji; name:ja=明治通り; name:ja-Hira=めいじどおり; name:ja-Latn=Meiji-dōri; name:ko=메이지로; name:zh=明治大街; oneway=yes; ref=305; source=Bing,2007-04; surface=asphalt; wikidata=Q8011176",39,42,11,201.42,False,0,10,0.0,0.000981999999993377,0.0016260000000016817,,,True,進行方向照合で順走（way軸と進行方向の角度差 0.0°・逆走側セグメント 0/10）,overpass-api.de,,,,
新宿→池袋,213526433,forward_travel,False,35.726773,139.711738,https://www.openstreetmap.org/way/213526433,yes,primary,明治通,admin_level=6; cycleway:left=no; highway=primary; lanes=2; lit=yes; maxspeed=50; name=明治通; name:en=Meiji-dori Avenue; name:es=Calle Meiji; name:ja=明治通り; name:ja-Hira=めいじどおり; name:ja-Latn=Meiji-dōri; oneway=yes; ref=305; sidewalk:both=separate; source=Bing 2010; surface=asphalt,86,87,3,30.09,False,0,2,0.0,6.999999999379725e-05,0.0002649999999988495,,,True,進行方向照合で順走（way軸と進行方向の角度差 0.0°・逆走側セグメント 0/2）,overpass-api.de,,,,
新宿→池袋,415221602,forward_travel,False,35.712976,139.710487,https://www.openstreetmap.org/way/415221602,yes,primary,明治通り,"highway=primary; int_name=Meiji-dori; lit=yes; maxspeed=50; name=明治通り; name:en=Meiji Street; name:es=Calle Meiji; name:fr=Rue Meiji; name:ja-Hira=めいじどおり; name:ja-Latn=Meiji-dōri; oneway=yes; ref=305; source=Bing,2007-04; surface=paved; wikidata=Q8011176",62,67,16,372.84,False,0,15,0.0,0.0014740000000017517,0.0031159999999985644,,,True,進行方向照合で順走（way軸と進行方向の角度差 0.0°・逆走側セグメント 0/15）,overpass-api.de,,,,
新宿→池袋,415221604,forward_travel,False,35.704338,139.708556,https://www.openstreetmap.org/way/415221604,yes,primary,明治通り,"cycleway:left=shared_lane; cycleway:left:lane=pictogram; highway=primary; int_name=Meiji-dori; lanes=2; lit=yes; maxspeed=50; name=明治通り; name:en=Meiji-dori; name:es=Calle Meiji; name:ja=明治通り; name:ja-Hira=めいじどおり; name:ja-Latn=Meiji-dōri; oneway=yes; ref=305; sidewalk=both; source=Bing,2007-04; surface=asphalt",52,58,18,843.3,False,0,17,0.0,0.0010719999999935226,0.007533000000002232,,,True,進行方向照合で順走（way軸と進行方向の角度差 0.0°・逆走側セグメント 0/17）,overpass-api.de,,,,
新宿→池袋,648625671,forward_travel,False,35.724461,139.711288,https://www.openstreetmap.org/way/648625671,yes,primary,明治通り,highway=primary; lit=yes; name=明治通り; name:en=Meiji-dori; name:es=Calle Meiji; name:ja=明治通り; name:ja-Hira=めいじどおり; name:ja-Latn=Meiji-dōri; oneway=yes; ref=305; source=Bing 2010; surface=paved,77,86,32,794.37,False,0,31,0.0,-0.001442999999994754,0.006844999999998436,,,True,進行方向照合で順走（way軸と進行方向の角度差 0.0°・逆走側セグメント 0/31）,overpass-api.de,,,,
新宿→池袋,683237303,forward_travel,False,35.71147,139.709961,https://www.openstreetmap.org/way/683237303,yes,primary,明治通り,"cycleway:left=shared_lane; cycleway:left:lane=pictogram; highway=primary; int_name=Meiji-dori; lane_markings=no; lit=yes; maxspeed=50; name=明治通り; name:en=Meiji-dori; name:es=Calle Meiji; name:ja=明治通り; name:ja-Hira=めいじどおり; name:ja-Latn=Meiji-dōri; oneway=yes; ref=305; source=Bing,2007-04; surface=asphalt",61,62,2,7.12,False,0,1,0.2,2.200000000129876e-05,6.199999999978445e-05,,,True,進行方向照合で順走（way軸と進行方向の角度差 0.2°・逆走側セグメント 0/1）,overpass-api.de,,,,
新宿→池袋,688557393,forward_travel,False,35.719023,139.713457,https://www.openstreetmap.org/way/688557393,yes,primary,明治通り,highway=primary; lanes=2; lit=yes; name=明治通り; name:en=Meiji-dori; name:es=Calle Meiji; name:ja=明治通り; name:ja-Hira=めいじどおり; name:ja-Latn=Meiji-dōri; oneway=yes; ref=305; source=Bing 2010; surface=asphalt,70,77,12,192.36,False,0,11,0.0,9.000000005698894e-06,0.0016580000000061546,,,True,進行方向照合で順走（way軸と進行方向の角度差 0.0°・逆走側セグメント 0/11）,overpass-api.de,,,,
新宿→池袋,688686080,forward_travel,False,35.694491,139.706724,https://www.openstreetmap.org/way/688686080,yes,primary,明治通り,"cycleway:left=shared_lane; cycleway:left:lane=pictogram; highway=primary; int_name=Meiji-dori; lane_markings=yes; lanes=2; lit=yes; maxspeed=50; name=明治通り; name:en=Meiji Street; name:es=Calle Meiji; name:fr=Rue Meiji; name:ja=明治通り; name:ja-Hira=めいじどおり; name:ja-Latn=Meiji-dōri; name:ko=메이지로; name:zh=明治大街; oneway=yes; ref=305; sidewalk=both; source=Bing,2007-04; surface=asphalt; wikidata=Q8011176",45,50,15,474.82,False,0,14,0.0,0.0006819999999834181,0.004218000000001609,,,True,進行方向照合で順走（way軸と進行方向の角度差 0.0°・逆走側セグメント 0/14）,overpass-api.de,,,,
新宿→池袋,688819559,forward_travel,False,35.697904,139.707439,https://www.openstreetmap.org/way/688819559,yes,primary,明治通り,"highway=primary; int_name=Meiji-dori; maxspeed=50; name=明治通り; name:en=Meiji Street; name:es=Calle Meiji; name:fr=Rue Meiji; name:ja=明治通り; name:ja-Hira=めいじどおり; name:ja-Latn=Meiji-dōri; oneway=yes; ref=305; sidewalk=both; source=Bing,2007-04; surface=paved; wikidata=Q8011176",50,51,2,10.55,False,0,1,0.1,1.6000000016447302e-05,9.399999999715192e-05,,,True,進行方向照合で順走（way軸と進行方向の角度差 0.1°・逆走側セグメント 0/1）,overpass-api.de,,,,
新宿→池袋,688819561,forward_travel,False,35.708538,139.709099,https://www.openstreetmap.org/way/688819561,yes,primary,明治通り,"highway=primary; int_name=Meiji-dori; lit=yes; maxspeed=50; name=明治通り; name:en=Meiji-dori; name:es=Calle Meiji; name:ja=明治通り; name:ja-Hira=めいじどおり; name:ja-Latn=Meiji-dōri; oneway=yes; ref=305; source=Bing,2007-04; surface=paved",58,61,9,347.76,False,0,8,0.0,0.0008809999999925822,0.0030429999999981305,,,True,進行方向照合で順走（way軸と進行方向の角度差 0.0°・逆走側セグメント 0/8）,overpass-api.de,,,,
新宿→池袋,691691444,forward_travel,False,35.697998,139.707455,https://www.openstreetmap.org/way/691691444,yes,primary,明治通り,"cycleway:left=shared_lane; cycleway:left:lane=pictogram; highway=primary; int_name=Meiji-dori; lane_markings=yes; lanes=2; lit=yes; maxspeed=50; name=明治通り; name:en=Meiji Street; name:es=Calle Meiji; name:fr=Rue Meiji; name:ja=明治通り; name:ja-Hira=めいじどおり; name:ja-Latn=Meiji-dōri; oneway=yes; ref=305; sidewalk:both=separate; source=Bing,2007-04; surface=asphalt; wikidata=Q8011176",51,52,8,325.85,False,0,7,0.0,0.000552999999996473,0.0028959999999997876,,,True,進行方向照合で順走（way軸と進行方向の角度差 0.0°・逆走側セグメント 0/7）,overpass-api.de,,,,
新宿→池袋,886386615,forward_travel,False,35.690741,139.704744,https://www.openstreetmap.org/way/886386615,yes,primary,明治通り,"highway=primary; int_name=Meiji-dori; lane_markings=yes; lanes=2; lit=yes; maxspeed=50; name=明治通り; name:en=Meiji-dori Avenue; name:es=Calle Meiji; name:fr=Rue Meiji; name:ja=明治通り; name:ja-Hira=めいじどおり; name:ja-Latn=Meiji-dōri; name:ko=메이지로; name:zh=明治通; oneway=yes; ref=305; source=Bing,2007-04; surface=asphalt; wikidata=Q8011176; wikipedia=ja:明治通り (東京都)",37,39,4,71.25,False,0,3,0.0,0.0003879999999867323,0.00055799999999806,,,True,進行方向照合で順走（way軸と進行方向の角度差 0.0°・逆走側セグメント 0/3）,overpass-api.de,,,,
新宿→池袋,1120796134,forward_travel,False,35.693607,139.706461,https://www.openstreetmap.org/way/1120796134,yes,primary,明治通り,"cycleway:left=shared_lane; cycleway:left:lane=pictogram; highway=primary; int_name=Meiji-dori; lane_markings=yes; lanes=2; lit=yes; maxspeed=50; name=明治通り; name:en=Meiji Street; name:es=Calle Meiji; name:fr=Rue Meiji; name:ja=明治通り; name:ja-Hira=めいじどおり; name:ja-Latn=Meiji-dōri; name:ko=메이지로; name:zh=明治大街; oneway=yes; ref=305; source=Bing,2007-04; surface=asphalt; wikidata=Q8011176",42,45,8,164.38,False,0,7,0.0,0.0009390000000166765,0.001176000000000954,,,True,進行方向照合で順走（way軸と進行方向の角度差 0.0°・逆走側セグメント 0/7）,overpass-api.de,,,,
新宿→池袋,1128023036,forward_travel,False,35.727597,139.711957,https://www.openstreetmap.org/way/1128023036,yes,primary,明治通,admin_level=6; highway=primary; lit=yes; maxspeed=50; name=明治通; name:en=Meiji-dori Avenue; name:es=Calle Meiji; name:ja=明治通り; name:ja-Hira=めいじどおり; name:ja-Latn=Meiji-dōri; oneway=yes; ref=305; source=Bing 2010; surface=asphalt,87,89,9,198.29,False,0,8,0.0,0.0002690000000029613,0.0017659999999963816,,,True,進行方向照合で順走（way軸と進行方向の角度差 0.0°・逆走側セグメント 0/8）,overpass-api.de,,,,
品川→東京,4848884,forward_travel,False,35.64208,139.748758,https://www.openstreetmap.org/way/4848884,yes,primary,旧海岸通り,check_date=2018-06-01; foot=no; highway=primary; lanes=2; maxspeed=50; name=旧海岸通り; name:en=Kyu Kaigan Dori; name:es=Calle Kyu Kaigan; oneway=yes; ref=316; surface=asphalt,28,38,19,311.3,False,0,18,0.0,0.0029820000000029268,0.0013069999999970605,,,True,進行方向照合で順走（way軸と進行方向の角度差 0.0°・逆走側セグメント 0/18）,maps.mail.ru,,,,
品川→東京,23690259,forward_travel,False,35.636623,139.746463,https://www.openstreetmap.org/way/23690259,yes,primary,旧海岸通り,bridge=yes; bridge:name=高浜橋; check_date=2018-06-01; highway=primary; lanes=3; layer=1; maxspeed=50; name=旧海岸通り; name:en=Kyu Kaigan Dori; name:es=Calle Kyu Kaigan; oneway=yes; ref=316; surface=asphalt,22,23,2,52.35,False,0,1,0.0,0.00014899999999329339,0.00045500000000231466,,,True,進行方向照合で順走（way軸と進行方向の角度差 0.0°・逆走側セグメント 0/1）,maps.mail.ru,,,,
品川→東京,47025714,forward_travel,False,35.649064,139.755049,https://www.openstreetmap.org/way/47025714,yes,residential,,highway=residential; oneway=yes; surface=asphalt,52,53,2,27.14,False,0,1,0.1,9.499999998752173e-05,0.0002309999999994261,,,True,進行方向照合で順走（way軸と進行方向の角度差 0.1°・逆走側セグメント 0/1）,maps.mail.ru,,,,
品川→東京,47025715,forward_travel,False,35.64903,139.755065,https://www.openstreetmap.org/way/47025715,yes,residential,,highway=residential; oneway=yes; surface=asphalt,50,52,3,31.92,False,0,2,0.1,-0.000302999999973963,0.0001260000000016248,,,True,進行方向照合で順走（way軸と進行方向の角度差 0.1°・逆走側セグメント 0/2）,maps.mail.ru,,,,
品川→東京,172281628,forward_travel,False,35.628924,139.741901,https://www.openstreetmap.org/way/172281628,yes,unclassified,,cycleway:left=no; highway=unclassified; lanes=1; oneway=yes; surface=paving_stones,12,13,11,271.22,False,0,10,0.0,0.002990999999980204,-0.00019199999999841566,,,True,進行方向照合で順走（way軸と進行方向の角度差 0.0°・逆走側セグメント 0/10）,maps.mail.ru,,,,
品川→東京,176741267,forward_travel,False,35.649295,139.755144,https://www.openstreetmap.org/way/176741267,yes,residential,,highway=residential; oneway=yes; surface=asphalt,53,54,2,18.67,False,0,1,0.1,-0.00010499999999069587,0.000144999999996287,,,True,進行方向照合で順走（way軸と進行方向の角度差 0.1°・逆走側セグメント 0/1）,maps.mail.ru,,,,
品川→東京,176741268,forward_travel,False,35.649517,139.754987,https://www.openstreetmap.org/way/176741268,yes,residential,,bicycle=yes; highway=residential; layer=-1; oneway=yes; surface=asphalt; tunnel=yes,54,56,3,52.73,False,0,2,0.1,-0.0004200000000196269,0.00032099999999957163,,,True,進行方向照合で順走（way軸と進行方向の角度差 0.1°・逆走側セグメント 0/2）,maps.mail.ru,,,,
品川→東京,211690603,forward_travel,False,35.641381,139.747923,https://www.openstreetmap.org/way/211690603,yes,primary,八千代橋,bridge=yes; check_date=2018-06-01; foot=no; highway=primary; lanes=2; layer=1; maxspeed=50; name=八千代橋; oneway=yes; ref=316; surface=asphalt,27,28,2,31.35,False,0,1,0.0,0.0001260000000229411,0.00026199999999931833,,,True,進行方向照合で順走（way軸と進行方向の角度差 0.0°・逆走側セグメント 0/1）,maps.mail.ru,,,,
品川→東京,211690605,forward_travel,False,35.641162,139.747837,https://www.openstreetmap.org/way/211690605,yes,primary,旧海岸通り,check_date=2018-06-01; highway=primary; lanes=2; maxspeed=50; name=旧海岸通り; name:en=Kyu Kaigan Dori; name:es=Calle Kyu Kaigan; oneway=yes; ref=316; surface=asphalt,23,27,12,493.08,False,0,11,0.0,0.0013109999999869615,0.004303000000000168,,,True,進行方向照合で順走（way軸と進行方向の角度差 0.0°・逆走側セグメント 0/11）,maps.mail.ru,,,,
品川→東京,230895574,forward_travel,False,35.633137,139.745341,https://www.openstreetmap.org/way/230895574,yes,primary,旧海岸通り,check_date=2018-06-01; cycleway:left=lane; highway=primary; lanes=2; maxspeed=50; name=旧海岸通り; name:en=Kyu Kaigan-dori; name:es=Calle Kyu Kaigan; name:ja=旧海岸通り; oneway=yes; ref=316; source=Bing 2010; surface=asphalt,17,21,11,409.33,False,0,10,0.0,0.000851999999980535,0.0036039999999957217,,,True,進行方向照合で順走（way軸と進行方向の角度差 0.0°・逆走側セグメント 0/10）,maps.mail.ru,,,,
品川→東京,257228938,forward_travel,False,35.680482,139.76446,https://www.openstreetmap.org/way/257228938,yes,secondary,丸の内室町線,highway=secondary; lit=yes; name=丸の内室町線; name:en=Marunouchi-Muromachi Line; name:es=Ruta Marunouchi-Muromachi; name:fr=Route Marunouchi-Muromachi; name:ja=丸の内室町線; name:ja-Hira=まるのうちむろまちせん; name:ja-Latn=Marunouchi Muromachi sen; oneway=yes; psv=yes; ref=407; sidewalk:left=separate; sidewalk:right=no; surface=asphalt,108,110,4,44.21,False,0,3,0.0,0.0004710000000045511,9.000000005698894e-06,,,True,進行方向照合で順走（way軸と進行方向の角度差 0.0°・逆走側セグメント 0/3）,maps.mail.ru,,,,
品川→東京,257233099,forward_travel,False,35.674483,139.762131,https://www.openstreetmap.org/way/257233099,yes,unclassified,,cycleway=shared_lane; cycleway:both=shared_lane; cycleway:lane=pictogram; highway=unclassified; oneway=yes; sidewalk:both=separate; surface=asphalt,101,103,5,120.2,False,0,4,0.0,0.0009150000000204273,0.0007850000000004798,,shared_lane,True,進行方向照合で順走（way軸と進行方向の角度差 0.0°・逆走側セグメント 0/4）,maps.mail.ru,,,,
品川→東京,265068937,forward_travel,False,35.672634,139.760286,https://www.openstreetmap.org/way/265068937,yes,unclassified,,cycleway:both=shared_lane; cycleway:lane=pictogram; highway=unclassified; lanes=1; maxspeed=20; maxspeed:type=sign; oneway=yes; sidewalk:left=separate; sidewalk:right=lane; surface=asphalt,97,99,5,124.16,False,0,4,0.0,0.000706000000008089,0.0009560000000021773,,,True,進行方向照合で順走（way軸と進行方向の角度差 0.0°・逆走側セグメント 0/4）,maps.mail.ru,,,,
品川→東京,356912946,forward_travel,False,35.629267,139.744951,https://www.openstreetmap.org/way/356912946,yes,primary,旧海岸通り,cycleway:left=lane; highway=primary; lanes=2; lit=yes; maxspeed=50; name=旧海岸通り; name:en=Kyu Kaigan-dori; name:es=Calle Kyu Kaigan; name:ja=旧海岸通り; oneway=yes; ref=316; sidewalk:left=separate; sidewalk:right=no; source=Bing 2010; surface=asphalt,16,17,7,283.96,False,0,6,0.0,0.0002480000000275595,0.0025460000000023797,,,True,進行方向照合で順走（way軸と進行方向の角度差 0.0°・逆走側セグメント 0/6）,maps.mail.ru,,,,
品川→東京,387627973,forward_travel,False,35.680356,139.765075,https://www.openstreetmap.org/way/387627973,yes,secondary,丸の内室町線,highway=secondary; lit=yes; name=丸の内室町線; name:en=Marunouchi-Muromachi Line; name:es=Ruta Marunouchi-Muromachi; name:fr=Route Marunouchi-Muromachi; name:ja=丸の内室町線; name:ja-Hira=まるのうちむろまちせん; name:ja-Latn=Marunouchi Muromachi sen; oneway=yes; psv=yes; ref=407; sidewalk:left=separate; sidewalk:right=no; surface=asphalt,112,113,2,11.88,False,0,1,0.2,0.00012699999999199463,-3.0000000002416982e-05,,,True,進行方向照合で順走（way軸と進行方向の角度差 0.2°・逆走側セグメント 0/1）,maps.mail.ru,,,,
品川→東京,421300041,forward_travel,False,35.64295,139.751031,https://www.openstreetmap.org/way/421300041,yes,primary,芝潟橋,bridge=yes; highway=primary; lanes=2; layer=1; name=芝潟橋; oneway=yes; ref=316; surface=asphalt,38,39,4,43.14,False,0,3,0.0,0.00047699999998940257,2.9999999995311555e-06,,,True,進行方向照合で順走（way軸と進行方向の角度差 0.0°・逆走側セグメント 0/3）,maps.mail.ru,,,,
品川→東京,421300042,forward_travel,False,35.642953,139.751508,https://www.openstreetmap.org/way/421300042,yes,primary,旧海岸通り,highway=primary; lanes=2; name=旧海岸通り; name:en=Kyu Kaigan Dori; name:es=Calle Kyu Kaigan; oneway=yes; ref=316; surface=asphalt,39,40,4,78.43,False,0,3,0.0,0.0008679999999969823,8.999999998593466e-06,,,True,進行方向照合で順走（way軸と進行方向の角度差 0.0°・逆走側セグメント 0/3）,maps.mail.ru,,,,
品川→東京,477949432,forward_travel,False,35.680381,139.764965,https://www.openstreetmap.org/way/477949432,yes,secondary,丸の内室町線,highway=secondary; lanes=2; lit=yes; name=丸の内室町線; name:en=Marunouchi Muromachi Line; name:es=Ruta Marunouchi-Muromachi; oneway=yes; psv=yes; ref=407; sidewalk:left=separate; sidewalk:right=no; surface=asphalt,111,112,2,10.35,False,0,1,0.0,0.00011000000000649379,-2.4999999993724487e-05,,,True,進行方向照合で順走（way軸と進行方向の角度差 0.0°・逆走側セグメント 0/1）,maps.mail.ru,,,,
品川→東京,680899281,forward_travel,False,35.628995,139.741899,https://www.openstreetmap.org/way/680899281,yes,unclassified,,highway=unclassified; lanes=1; oneway=yes,11,12,2,7.9,False,0,1,0.0,2.000000023372195e-06,-7.100000000548334e-05,,,True,進行方向照合で順走（way軸と進行方向の角度差 0.0°・逆走側セグメント 0/1）,maps.mail.ru,,,,
品川→東京,1024216110,forward_travel,False,35.680435,139.764715,https://www.openstreetmap.org/way/1024216110,yes,secondary,丸の内室町線,highway=secondary; lanes=3; lit=yes; name=丸の内室町線; name:en=Marunouchi-Muromachi Line; name:es=Ruta Marunouchi-Muromachi; name:fr=Route Marunouchi-Muromachi; name:ja=丸の内室町線; name:ja-Hira=まるのうちむろまちせん; name:ja-Latn=Marunouchi Muromachi sen; oneway=yes; psv=yes; ref=407; sidewalk:left=separate; sidewalk:right=no; surface=asphalt,110,111,3,23.35,False,0,2,0.1,0.0002499999999940883,-5.400000000577165e-05,,,True,進行方向照合で順走（way軸と進行方向の角度差 0.1°・逆走側セグメント 0/2）,maps.mail.ru,,,,
品川→東京,1035479906,forward_travel,False,35.628732,139.744892,https://www.openstreetmap.org/way/1035479906,yes,primary,旧海岸通り,cycleway:left=lane; highway=primary; lanes=2; lit=yes; maxspeed=50; name=旧海岸通り; name:en=Kyu Kaigan-dori; name:es=Calle Kyu Kaigan; name:ja=旧海岸通り; oneway=yes; ref=316; sidewalk:left=separate; sidewalk:right=no; source=Bing 2010; surface=asphalt,13,14,3,38.74,False,0,2,0.0,3.800000001774606e-05,0.0003469999999978768,,,True,進行方向照合で順走（way軸と進行方向の角度差 0.0°・逆走側セグメント 0/2）,maps.mail.ru,,,,
品川→東京,1110456260,forward_travel,False,35.629133,139.744942,https://www.openstreetmap.org/way/1110456260,yes,primary,旧海岸通り,highway=primary; lanes=2; maxspeed=50; name=旧海岸通り; name:en=Kyu Kaigan-dori; name:es=Calle Kyu Kaigan; name:ja=旧海岸通り; oneway=yes; ref=316; source=Bing 2010; surface=asphalt,15,16,2,14.88,False,0,1,0.1,8.999999977277184e-06,0.0001339999999956376,,,True,進行方向照合で順走（way軸と進行方向の角度差 0.1°・逆走側セグメント 0/1）,maps.mail.ru,,,,
品川→東京,1147401990,forward_travel,False,35.635417,139.746051,https://www.openstreetmap.org/way/1147401990,yes,primary,旧海岸通り,check_date=2018-06-01; highway=primary; lanes=2; maxspeed=50; name=旧海岸通り; name:en=Kyu Kaigan-dori; name:es=Calle Kyu Kaigan; name:ja=旧海岸通り; oneway=yes; ref=316; source=Bing 2010; surface=asphalt,21,22,4,139.19,False,0,3,0.0,0.00041200000001140324,0.001206000000003371,,,True,進行方向照合で順走（way軸と進行方向の角度差 0.0°・逆走側セグメント 0/3）,maps.mail.ru,,,,
品川→東京,1293834330,forward_travel,False,35.673177,139.760718,https://www.openstreetmap.org/way/1293834330,yes,unclassified,,cycleway:both=shared_lane; cycleway:lane=pictogram; highway=unclassified; oneway=yes; surface=asphalt,99,100,4,78.13,False,0,3,0.0,0.0005419999999958236,0.0005479999999948859,,,True,進行方向照合で順走（way軸と進行方向の角度差 0.0°・逆走側セグメント 0/3）,maps.mail.ru,,,,
品川→東京,1325116952,forward_travel,False,35.650122,139.75493,https://www.openstreetmap.org/way/1325116952,yes,residential,,highway=residential; oneway=yes; source=bing; surface=asphalt,56,58,4,103.91,False,0,3,0.0,0.0006260000000111177,0.0007840000000030045,,,True,進行方向照合で順走（way軸と進行方向の角度差 0.0°・逆走側セグメント 0/3）,maps.mail.ru,,,,
品川→東京,1325116953,forward_travel,False,35.650545,139.755245,https://www.openstreetmap.org/way/1325116953,yes,residential,,highway=residential; oneway=yes; source=bing; surface=asphalt,58,59,4,50.41,False,0,3,0.0,-4.5999999997548e-05,0.0004519999999956781,,,True,進行方向照合で順走（way軸と進行方向の角度差 0.0°・逆走側セグメント 0/3）,maps.mail.ru,,,,
品川→東京,1366369042,forward_travel,False,35.629079,139.74493,https://www.openstreetmap.org/way/1366369042,yes,primary,旧海岸通り,cycleway:left=lane; highway=primary; lanes=2; maxspeed=50; name=旧海岸通り; name:en=Kyu Kaigan-dori; name:es=Calle Kyu Kaigan; name:ja=旧海岸通り; oneway=yes; ref=316; source=Bing 2010; surface=asphalt,14,15,2,6.09,False,0,1,0.2,1.1999999998124622e-05,5.400000000577165e-05,,,True,進行方向照合で順走（way軸と進行方向の角度差 0.2°・逆走側セグメント 0/1）,maps.mail.ru,,,,
品川→東京,1419992140,forward_travel,False,35.674601,139.762255,https://www.openstreetmap.org/way/1419992140,yes,secondary,錦町有楽町線,cycleway:lane=pictogram; cycleway:left=shared_lane; cycleway:right=no; foot=no; highway=secondary; name=錦町有楽町線; oneway=yes; ref=402; surface=asphalt,103,104,2,14.97,False,0,1,0.1,0.00010299999999574538,0.00010599999999527654,,,True,進行方向照合で順走（way軸と進行方向の角度差 0.1°・逆走側セグメント 0/1）,maps.mail.ru,,,,
渋谷→六本木,17620011,forward_travel,False,35.659782,139.722942,https://www.openstreetmap.org/way/17620011,yes,secondary,六本木通り,highway=secondary; lanes=2; maxspeed=60; name=六本木通り; name:en=Roppongi-dori Avenue; name:es=Calle Roppongi; name:fr=Rue Roppongi; name:ja-Latn=Roppongi-dōri; oneway=yes; ref=412; source=Bing 2010; surface=paved; wikidata=Q111948784,64,65,4,39.35,False,0,3,0.1,0.00042600000000447835,7.200000000295859e-05,,,True,進行方向照合で順走（way軸と進行方向の角度差 0.1°・逆走側セグメント 0/3）,maps.mail.ru,,,,
渋谷→六本木,203832858,forward_travel,False,35.661458,139.728614,https://www.openstreetmap.org/way/203832858,yes,primary_link,(六本木六丁目),destination=赤羽橋; highway=primary_link; name=(六本木六丁目); oneway=yes; source=Bing 2010; surface=asphalt,78,79,2,10.5,False,0,1,0.1,0.00011499999999387,-1.0000000003174137e-05,,,True,進行方向照合で順走（way軸と進行方向の角度差 0.1°・逆走側セグメント 0/1）,maps.mail.ru,,,,
渋谷→六本木,215955234,forward_travel,False,35.658973,139.700193,https://www.openstreetmap.org/way/215955234,yes,tertiary,神宮通り,highway=tertiary; lanes=1; lit=yes; name=神宮通り; name:en=Jingu-dori Street; oneway=yes; surface=asphalt; turn:lanes=left;through,18,19,2,16.7,False,0,1,0.1,4.2999999976700565e-05,0.00014599999999376223,,,True,進行方向照合で順走（way軸と進行方向の角度差 0.1°・逆走側セグメント 0/1）,overpass-api.de,,,,
渋谷→六本木,215955235,forward_travel,False,35.658305,139.700315,https://www.openstreetmap.org/way/215955235,yes,tertiary,神宮通り,highway=tertiary; lanes=1; lit=yes; name=神宮通り; name:en=Jingu-dori Street; oneway=yes; surface=asphalt,13,14,2,18.1,False,0,1,0.1,-4.999999998744897e-05,0.00015799999999899228,,,True,進行方向照合で順走（way軸と進行方向の角度差 0.1°・逆走側セグメント 0/1）,overpass-api.de,,,,
渋谷→六本木,257223005,forward_travel,False,35.661417,139.729025,https://www.openstreetmap.org/way/257223005,yes,primary_link,,highway=primary_link; oneway=yes; source=Bing 2010; surface=paved,80,81,2,5.38,False,0,1,0.0,5.0999999984924216e-05,-2.5999999998305157e-05,,,True,進行方向照合で順走（way軸と進行方向の角度差 0.0°・逆走側セグメント 0/1）,maps.mail.ru,,,,
渋谷→六本木,257224642,forward_travel,False,35.661352,139.729123,https://www.openstreetmap.org/way/257224642,yes,unclassified,,highway=unclassified; oneway=yes,81,83,3,19.79,False,0,2,0.1,0.00017500000001291482,-0.00010500000000490672,,,True,進行方向照合で順走（way軸と進行方向の角度差 0.1°・逆走側セグメント 0/2）,maps.mail.ru,,,,
渋谷→六本木,261065066,forward_travel,False,35.659465,139.719002,https://www.openstreetmap.org/way/261065066,yes,secondary,六本木通り(高樹町),destination=首都高速高樹町入口;西麻布; highway=secondary; lanes=3; maxspeed=60; name=六本木通り(高樹町); name:en=Roppongi-dori Avenue; oneway=yes; ref=412; source=Bing 2010; surface=paved,56,57,2,49.43,False,0,1,0.0,0.0005430000000217206,5.600000000072214e-05,,,True,進行方向照合で順走（way軸と進行方向の角度差 0.0°・逆走側セグメント 0/1）,maps.mail.ru,,,,
渋谷→六本木,261815524,forward_travel,False,35.658204,139.700357,https://www.openstreetmap.org/way/261815524,yes,tertiary,神宮通り,highway=tertiary; lanes=1; lit=yes; name=神宮通り; name:en=Jingu-dori Street; oneway=yes; surface=asphalt,12,13,2,11.9,False,0,1,0.1,-4.200000000764703e-05,0.0001010000000007949,,,True,進行方向照合で順走（way軸と進行方向の角度差 0.1°・逆走側セグメント 0/1）,overpass-api.de,,,,
渋谷→六本木,265139656,forward_travel,False,35.658692,139.700223,https://www.openstreetmap.org/way/265139656,yes,tertiary,神宮通り,highway=tertiary; lanes=1; lit=yes; name=神宮通り; name:en=Jingu-dori Street; oneway=yes; surface=asphalt,16,17,3,23.28,False,0,2,0.0,-3.300000000194814e-05,0.0002080000000006521,,,True,進行方向照合で順走（way軸と進行方向の角度差 0.0°・逆走側セグメント 0/2）,overpass-api.de,,,,
渋谷→六本木,274499723,forward_travel,False,35.658027,139.700416,https://www.openstreetmap.org/way/274499723,yes,tertiary,神宮通り,highway=tertiary; lit=yes; name=神宮通り; name:en=Jingu-dori Street; oneway=yes; surface=asphalt,9,10,2,4.09,False,0,1,0.4,-1.5999999988025593e-05,3.399999999942338e-05,,,True,進行方向照合で順走（way軸と進行方向の角度差 0.4°・逆走側セグメント 0/1）,overpass-api.de,,,,
渋谷→六本木,282172100,forward_travel,False,35.65816,139.700379,https://www.openstreetmap.org/way/282172100,yes,tertiary,神宮通り,highway=tertiary; lanes=1; lit=yes; name=神宮通り; name:en=Jingu-dori Street; oneway=yes; surface=asphalt,11,12,2,5.24,False,0,1,0.1,-2.200000000129876e-05,4.399999999549209e-05,,,True,進行方向照合で順走（way軸と進行方向の角度差 0.1°・逆走側セグメント 0/1）,overpass-api.de,,,,
渋谷→六本木,284075900,forward_travel,False,35.65889,139.712873,https://www.openstreetmap.org/way/284075900,yes,secondary,六本木通り,highway=secondary; lanes=3; name=六本木通り; name:en=Roppongi-dori Avenue; oneway=yes; ref=412; source=Bing 2010; surface=paved,50,52,11,277.69,False,0,10,0.0,0.0030550000000175714,0.00027700000000407954,,,True,進行方向照合で順走（way軸と進行方向の角度差 0.0°・逆走側セグメント 0/10）,maps.mail.ru,,,,
渋谷→六本木,310155095,forward_travel,False,35.658463,139.700265,https://www.openstreetmap.org/way/310155095,yes,tertiary,神宮通り,highway=tertiary; lanes=1; name=神宮通り; name:en=Jingu-dori Street; oneway=yes; surface=asphalt,14,15,2,8.99,False,0,1,0.2,-1.5999999988025593e-05,8.000000000407681e-05,,,True,進行方向照合で順走（way軸と進行方向の角度差 0.2°・逆走側セグメント 0/1）,overpass-api.de,,,,
渋谷→六本木,376162311,forward_travel,False,35.659317,139.700309,https://www.openstreetmap.org/way/376162311,yes,tertiary,神宮通り,foot=no; highway=tertiary; lanes=1; lit=yes; name=神宮通り; name:en=Jingu-dori Street; oneway=yes; surface=asphalt; turn:lanes=left;through,22,23,3,5.15,False,0,2,0.5,2.599999999119973e-05,4.0999999995960934e-05,,,True,進行方向照合で順走（way軸と進行方向の角度差 0.5°・逆走側セグメント 0/2）,overpass-api.de,,,,
渋谷→六本木,390536924,forward_travel,False,35.658061,139.7004,https://www.openstreetmap.org/way/390536924,yes,tertiary,神宮通り,highway=tertiary; lanes=1; lit=yes; name=神宮通り; name:en=Jingu-dori Street; oneway=yes; surface=asphalt,10,11,2,11.2,False,0,1,0.3,-2.1000000003823516e-05,9.900000000584441e-05,,,True,進行方向照合で順走（way軸と進行方向の角度差 0.3°・逆走側セグメント 0/1）,overpass-api.de,,,,
渋谷→六本木,390735628,forward_travel,False,35.660788,139.729413,https://www.openstreetmap.org/way/390735628,yes,service,,highway=service; oneway=yes; surface=asphalt; tunnel=yes,101,104,6,62.92,False,0,5,4.0,-0.0004870000000209984,2.2999999998774e-05,,,True,進行方向照合で順走（way軸と進行方向の角度差 4.0°・逆走側セグメント 0/5）,maps.mail.ru,,,,
渋谷→六本木,390735636,forward_travel,False,35.66061,139.729754,https://www.openstreetmap.org/way/390735636,yes,service,,highway=service; oneway=yes; tunnel=yes,91,94,7,40.96,False,0,6,0.1,0.00012500000002546585,-0.0003510000000019886,,,True,進行方向照合で順走（way軸と進行方向の角度差 0.1°・逆走側セグメント 0/6）,maps.mail.ru,,,,
渋谷→六本木,390735638,forward_travel,False,35.660359,139.729698,https://www.openstreetmap.org/way/390735638,yes,service,,highway=service; oneway=yes; surface=asphalt; tunnel=yes,94,99,8,24.41,False,0,7,0.1,-0.000181000000026188,5.499999999614147e-05,,,True,進行方向照合で順走（way軸と進行方向の角度差 0.1°・逆走側セグメント 0/7）,maps.mail.ru,,,,
渋谷→六本木,390852603,forward_travel,False,35.660453,139.72963,https://www.openstreetmap.org/way/390852603,yes,service,,highway=service; oneway=yes; tunnel=yes,99,100,2,19.04,False,0,1,0.2,-5.999999999062311e-05,0.00016400000000516002,,,True,進行方向照合で順走（way軸と進行方向の角度差 0.2°・逆走側セグメント 0/1）,maps.mail.ru,,,,
渋谷→六本木,724685821,forward_travel,False,35.66103,139.730063,https://www.openstreetmap.org/way/724685821,yes,service,,highway=service; layer=-1; oneway=yes; tunnel=yes,83,86,4,85.19,False,0,3,0.0,0.0008540000000039072,-0.0002999999999957481,,,True,進行方向照合で順走（way軸と進行方向の角度差 0.0°・逆走側セグメント 0/3）,maps.mail.ru,,,,
渋谷→六本木,724685823,forward_travel,False,35.661458,139.728545,https://www.openstreetmap.org/way/724685823,yes,primary_link,(六本木六丁目),destination=赤羽橋; highway=primary_link; name=(六本木六丁目); oneway=yes; source=Bing 2010; surface=paved,76,78,3,11.44,False,0,2,0.1,0.00012599999999451938,8.000000001118224e-06,,,True,進行方向照合で順走（way軸と進行方向の角度差 0.1°・逆走側セグメント 0/2）,maps.mail.ru,,,,
渋谷→六本木,724685825,forward_travel,False,35.66116,139.727868,https://www.openstreetmap.org/way/724685825,yes,secondary_link,六本木通り,destination=赤羽橋; highway=secondary_link; name=六本木通り; name:ja=六本木通り; name:ja-Latn=Roppongi dori; oneway=yes,71,74,5,224.73,False,0,4,0.0,0.0022530000000244854,0.0008489999999952147,,,True,進行方向照合で順走（way軸と進行方向の角度差 0.0°・逆走側セグメント 0/4）,maps.mail.ru,,,,
渋谷→六本木,724685826,forward_travel,False,35.660383,139.725394,https://www.openstreetmap.org/way/724685826,yes,secondary_link,六本木通り,destination=赤羽橋; highway=secondary_link; name=六本木通り; name:ja=六本木通り; name:ja-Latn=Roppongi dori; oneway=yes,70,71,2,65.54,False,0,1,0.0,0.0007009999999922911,0.00015199999999992997,,,True,進行方向照合で順走（way軸と進行方向の角度差 0.0°・逆走側セグメント 0/1）,maps.mail.ru,,,,
渋谷→六本木,775539564,forward_travel,False,35.659131,139.71545,https://www.openstreetmap.org/way/775539564,yes,secondary,六本木通り,destination=首都高速高樹町入口;西麻布; highway=secondary; lanes=3; maxspeed=60; name=六本木通り; name:en=Roppongi-dori Avenue; oneway=yes; ref=412; source=Bing 2010; surface=paved,52,53,2,36.06,False,0,1,0.0,0.00039599999999495594,3.900000000101045e-05,,,True,進行方向照合で順走（way軸と進行方向の角度差 0.0°・逆走側セグメント 0/1）,maps.mail.ru,,,,
渋谷→六本木,821526545,forward_travel,False,35.658646,139.710107,https://www.openstreetmap.org/way/821526545,yes,secondary,六本木通り,highway=secondary; lanes=3; layer=-1; name=六本木通り; name:en=Roppongi-dori Avenue; oneway=yes; ref=412; source=Bing 2010; surface=paved; tunnel=yes,47,48,2,111.69,False,0,1,0.0,0.0012279999999975644,0.00011500000000097543,,,True,進行方向照合で順走（way軸と進行方向の角度差 0.0°・逆走側セグメント 0/1）,maps.mail.ru,,,,
渋谷→六本木,821526546,forward_travel,False,35.658788,139.711616,https://www.openstreetmap.org/way/821526546,yes,secondary,六本木通り,highway=secondary; lanes=3; name=六本木通り; name:en=Roppongi-dori Avenue; oneway=yes; ref=412; source=Bing 2010; surface=paved; turn:lanes=left;through|through|right,49,50,3,70.81,False,0,2,0.0,0.000778999999994312,6.599999999679085e-05,,,True,進行方向照合で順走（way軸と進行方向の角度差 0.0°・逆走側セグメント 0/2）,maps.mail.ru,,,,
渋谷→六本木,852789779,forward_travel,False,35.659854,139.723368,https://www.openstreetmap.org/way/852789779,yes,secondary,六本木通り,highway=secondary; lanes=2; name=六本木通り; name:en=Roppongi-dori Avenue; name:es=Calle Roppongi; name:fr=Rue Roppongi; name:ja-Latn=Roppongi-dōri; oneway=yes; ref=412; source=Bing 2010; surface=paved; wikidata=Q111948784,65,66,2,10.6,False,0,1,0.1,0.00011499999999387,2.099999999671809e-05,,,True,進行方向照合で順走（way軸と進行方向の角度差 0.1°・逆走側セグメント 0/1）,maps.mail.ru,,,,
渋谷→六本木,852789786,forward_travel,False,35.659921,139.723736,https://www.openstreetmap.org/way/852789786,yes,secondary,六本木通り,highway=secondary; lanes=2; name=六本木通り; name:en=Roppongi-dori Avenue; name:es=Calle Roppongi; name:fr=Rue Roppongi; name:ja-Latn=Roppongi-dōri; oneway=yes; ref=412; source=Bing 2010; surface=paved; wikidata=Q111948784,66,69,7,135.71,False,0,6,0.0,0.0014380000000073778,0.0003469999999978768,,,True,進行方向照合で順走（way軸と進行方向の角度差 0.0°・逆走側セグメント 0/6）,maps.mail.ru,,,,
渋谷→六本木,852978900,forward_travel,False,35.658492,139.708503,https://www.openstreetmap.org/way/852978900,yes,secondary,六本木通り,highway=secondary; lanes=3; name=六本木通り; name:en=Roppongi-dori Avenue; oneway=yes; ref=412; source=Bing 2010; surface=paved,46,47,3,145.86,False,0,2,0.0,0.001603999999986172,0.00015399999999488045,,,True,進行方向照合で順走（way軸と進行方向の角度差 0.0°・逆走側セグメント 0/2）,maps.mail.ru,,,,
渋谷→六本木,888162700,forward_travel,False,35.661438,139.728457,https://www.openstreetmap.org/way/888162700,yes,secondary_link,Roppongi dori,destination=赤羽橋; highway=secondary_link; name=Roppongi dori; name_1=(六本木六丁目); oneway=yes,75,76,2,3.13,False,0,1,0.6,3.100000000699765e-05,1.200000000523005e-05,,,True,進行方向照合で順走（way軸と進行方向の角度差 0.6°・逆走側セグメント 0/1）,maps.mail.ru,,,,
渋谷→六本木,888162705,forward_travel,False,35.661448,139.728729,https://www.openstreetmap.org/way/888162705,yes,primary_link,(六本木六丁目),destination=赤羽橋; highway=primary_link; name=(六本木六丁目); oneway=yes; source=Bing 2010; surface=asphalt,79,80,2,26.98,False,0,1,0.1,0.000296000000020058,-3.0999999999892225e-05,,,True,進行方向照合で順走（way軸と進行方向の角度差 0.1°・逆走側セグメント 0/1）,maps.mail.ru,,,,
渋谷→六本木,898573320,forward_travel,False,35.661384,139.728348,https://www.openstreetmap.org/way/898573320,yes,secondary_link,Roppongi dori,destination=赤羽橋; highway=secondary_link; name=Roppongi dori; name_1=(六本木六丁目); oneway=yes,74,75,2,11.49,False,0,1,0.2,0.00010899999998059684,5.3999999998666226e-05,,,True,進行方向照合で順走（way軸と進行方向の角度差 0.2°・逆走側セグメント 0/1）,maps.mail.ru,,,,
渋谷→六本木,922476290,forward_travel,False,35.658761,139.711335,https://www.openstreetmap.org/way/922476290,yes,secondary,六本木通り,highway=secondary; lanes=3; name=六本木通り; name:en=Roppongi-dori Avenue; oneway=yes; ref=412; source=Bing 2010; surface=paved,48,49,2,25.56,False,0,1,0.1,0.00028100000000108594,2.7000000002885827e-05,,,True,進行方向照合で順走（way軸と進行方向の角度差 0.1°・逆走側セグメント 0/1）,maps.mail.ru,,,,
渋谷→六本木,922476299,forward_travel,False,35.658441,139.707339,https://www.openstreetmap.org/way/922476299,yes,secondary,六本木通り,highway=secondary; lanes=3; name=六本木通り; name:en=Roppongi-dori Avenue; oneway=yes; ref=412; source=Bing 2010; surface=paved; turn:lanes=left;through|through|right,45,46,3,105.38,False,0,2,0.0,0.0011640000000170403,5.099999999913507e-05,,,True,進行方向照合で順走（way軸と進行方向の角度差 0.0°・逆走側セグメント 0/2）,maps.mail.ru,,,,
渋谷→六本木,934924983,forward_travel,False,35.659429,139.718477,https://www.openstreetmap.org/way/934924983,yes,secondary,六本木通り(高樹町),destination=首都高速高樹町入口;西麻布; highway=secondary; lanes=3; maxspeed=60; name=六本木通り(高樹町); name:en=Roppongi-dori Avenue; oneway=yes; ref=412; source=Bing 2010; surface=paved,55,56,2,47.6,False,0,1,0.1,0.0005249999999819011,3.5999999994373866e-05,,,True,進行方向照合で順走（way軸と進行方向の角度差 0.1°・逆走側セグメント 0/1）,maps.mail.ru,,,,
渋谷→六本木,934924985,forward_travel,False,35.659725,139.721492,https://www.openstreetmap.org/way/934924985,yes,secondary,六本木通り(側道),destination=西麻布; highway=secondary; lanes=3; maxspeed=60; name=六本木通り(側道); name:en=Roppongi-dori Avenue; name:es=Calle Roppongi; name:fr=Rue Roppongi; name:ja-Latn=Roppongi-dōri; oneway=yes; ref=412; source=Bing 2010; surface=paved; wikidata=Q111948784,57,64,10,309.35,False,0,9,0.0,0.003396999999978334,0.0002610000000018431,,,True,進行方向照合で順走（way軸と進行方向の角度差 0.0°・逆走側セグメント 0/9）,maps.mail.ru,,,,
渋谷→六本木,1035575359,forward_travel,False,35.65917,139.715846,https://www.openstreetmap.org/way/1035575359,yes,secondary,六本木通り,destination=首都高速高樹町入口;西麻布; highway=secondary; lanes=3; maxspeed=60; name=六本木通り; name:en=Roppongi-dori Avenue; oneway=yes; ref=412; source=Bing 2010; surface=paved,53,54,3,185.81,False,0,2,0.0,0.002041999999988775,0.00020099999999700913,,,True,進行方向照合で順走（way軸と進行方向の角度差 0.0°・逆走側セグメント 0/2）,maps.mail.ru,,,,
渋谷→六本木,1051722758,forward_travel,False,35.660617,139.72957,https://www.openstreetmap.org/way/1051722758,yes,service,,highway=service; oneway=yes; surface=asphalt; tunnel=yes,100,101,2,7.15,False,0,1,0.7,-1.7999999982976078e-05,6.299999999725969e-05,,,True,進行方向照合で順走（way軸と進行方向の角度差 0.7°・逆走側セグメント 0/1）,maps.mail.ru,,,,
渋谷→六本木,1118680559,forward_travel,False,35.659371,139.717888,https://www.openstreetmap.org/way/1118680559,yes,secondary,六本木通り,destination=首都高速高樹町入口;西麻布; highway=secondary; lanes=3; maxspeed=60; name=六本木通り; name:en=Roppongi-dori Avenue; oneway=yes; ref=412; source=Bing 2010; surface=paved,54,55,2,53.65,False,0,1,0.1,0.0005890000000192686,5.800000000277805e-05,,,True,進行方向照合で順走（way軸と進行方向の角度差 0.1°・逆走側セグメント 0/1）,maps.mail.ru,,,,
渋谷→六本木,1134562284,forward_travel,False,35.659241,139.700274,https://www.openstreetmap.org/way/1134562284,yes,tertiary,神宮通り,foot=no; highway=tertiary; lanes=1; lit=yes; name=神宮通り; name:en=Jingu-dori Street; oneway=yes; surface=asphalt; turn:lanes=left;through,20,21,2,4.75,False,0,1,0.6,1.6999999985500835e-05,3.999999999848569e-05,,,True,進行方向照合で順走（way軸と進行方向の角度差 0.6°・逆走側セグメント 0/1）,overpass-api.de,,,,
渋谷→六本木,1143863679,forward_travel,False,35.6589,139.70019,https://www.openstreetmap.org/way/1143863679,yes,tertiary,神宮通り,highway=tertiary; lanes=1; lit=yes; name=神宮通り; name:en=Jingu-dori Street; oneway=yes; surface=asphalt,17,18,3,8.1,False,0,2,0.0,3.0000000208474376e-06,7.300000000043383e-05,,,True,進行方向照合で順走（way軸と進行方向の角度差 0.0°・逆走側セグメント 0/2）,overpass-api.de,,,,
渋谷→六本木,1143863680,forward_travel,False,35.659119,139.700236,https://www.openstreetmap.org/way/1143863680,yes,tertiary,神宮通り,foot=no; highway=tertiary; lanes=1; lit=yes; name=神宮通り; name:en=Jingu-dori Street; name:ja=神宮通り; oneway=yes; surface=asphalt; turn:lanes=left;through,19,20,3,14.01,False,0,2,0.2,3.800000001774606e-05,0.00012200000000461841,,,True,進行方向照合で順走（way軸と進行方向の角度差 0.2°・逆走側セグメント 0/2）,overpass-api.de,,,,
渋谷→六本木,1156909226,forward_travel,False,35.659358,139.700335,https://www.openstreetmap.org/way/1156909226,yes,tertiary,神宮通り,foot=no; highway=tertiary; lanes=1; lit=yes; name=神宮通り; name:en=Jingu-dori Street; oneway=yes; oneway:conditional=no @ (22:00-08:00); surface=asphalt; turn:lanes=left;through,23,24,2,25.52,False,0,1,0.0,0.00023699999999848842,0.0001239999999995689,,,True,進行方向照合で順走（way軸と進行方向の角度差 0.0°・逆走側セグメント 0/1）,overpass-api.de,,,,
渋谷→六本木,1208277135,forward_travel,False,35.660222,139.724921,https://www.openstreetmap.org/way/1208277135,yes,secondary,六本木通り,highway=secondary; lanes=2; name=六本木通り; name:en=Roppongi-dori; name:es=Calle Roppongi; name:ja_rm=Roppongi Dōri; oneway=yes; ref=412; source=Bing 2010; surface=paved,69,70,2,46.35,False,0,1,0.0,0.0004729999999995016,0.00016100000000562886,,,True,進行方向照合で順走（way軸と進行方向の角度差 0.0°・逆走側セグメント 0/1）,maps.mail.ru,,,,
渋谷→六本木,1391289379,forward_travel,False,35.659281,139.700291,https://www.openstreetmap.org/way/1391289379,yes,tertiary,神宮通り,foot=no; highway=tertiary; lanes=1; lit=yes; name=神宮通り; name:en=Jingu-dori Street; oneway=yes; surface=asphalt; turn:lanes=left;through,21,22,2,4.28,False,0,1,0.3,1.8000000011397788e-05,3.600000000147929e-05,,,True,進行方向照合で順走（way軸と進行方向の角度差 0.3°・逆走側セグメント 0/1）,overpass-api.de,,,,
渋谷→六本木,1414217947,forward_travel,False,35.658543,139.700249,https://www.openstreetmap.org/way/1414217947,yes,tertiary,神宮通り,highway=tertiary; lanes=1; lit=yes; name=神宮通り; name:en=Jingu-dori Street; oneway=yes; surface=asphalt,15,16,2,16.81,False,0,1,0.1,-2.600000001962144e-05,0.0001490000000003988,,,True,進行方向照合で順走（way軸と進行方向の角度差 0.1°・逆走側セグメント 0/1）,overpass-api.de,,,,
渋谷→六本木,1419311958,forward_travel,False,35.658439,139.706977,https://www.openstreetmap.org/way/1419311958,yes,secondary,六本木通り,highway=secondary; lanes=2; name=六本木通り; name:en=Roppongi-dori Avenue; oneway=yes; ref=412; source=Bing 2010; surface=paved,44,45,2,32.72,False,0,1,0.1,0.00036199999999553256,2.0000000020559128e-06,,,True,進行方向照合で順走（way軸と進行方向の角度差 0.1°・逆走側セグメント 0/1）,maps.mail.ru,,,,
下北沢→三軒茶屋,31856617,forward_travel,False,35.659343,139.667452,https://www.openstreetmap.org/way/31856617,yes,unclassified,下北沢南口商店街,highway=unclassified; name=下北沢南口商店街; oneway=yes; source=Bing 2010; surface=paved,7,12,6,118.85,False,0,5,0.0,9.399999999004649e-05,-0.001054000000003441,,,True,進行方向照合で順走（way軸と進行方向の角度差 0.0°・逆走側セグメント 0/5）,overpass-api.de,,,,
下北沢→三軒茶屋,41949455,forward_travel,False,35.661388,139.667672,https://www.openstreetmap.org/way/41949455,yes,unclassified,,highway=unclassified; lit=yes; oneway=yes; surface=asphalt,2,3,3,18.81,False,0,2,0.1,-4.5999999997548e-05,-0.00016500000000263526,,,True,進行方向照合で順走（way軸と進行方向の角度差 0.1°・逆走側セグメント 0/2）,overpass-api.de,,,,
下北沢→三軒茶屋,41949457,forward_travel,False,35.660622,139.6675,https://www.openstreetmap.org/way/41949457,yes,unclassified,下北沢南口商店街,cycleway:left=no; highway=unclassified; lane_markings=no; name=下北沢南口商店街; name:en=Shimokitazawa South Exit Shopping Street; oneway=yes; source=Bing 2010; surface=asphalt,3,7,6,121.32,False,0,5,0.0,-0.0002920000000017353,-0.0010619999999974539,,,True,進行方向照合で順走（way軸と進行方向の角度差 0.0°・逆走側セグメント 0/5）,overpass-api.de,,,,
高円寺→中野,62263412,bicycle_exempt,False,35.705478,139.65937,https://www.openstreetmap.org/way/62263412,yes,unclassified,,"highway=unclassified; oneway=yes; oneway:bicycle=no; source=Bing, Mar 2007",19,21,4,249.93,True,3,3,180.0,0.002767000000005737,6.399999999473494e-05,no,,True,`oneway:bicycle=no`（自転車は一方通行の対象外）,overpass-api.de,,,,
高円寺→中野,101706556,bicycle_exempt,False,35.705175,139.650295,https://www.openstreetmap.org/way/101706556,yes,unclassified,,highway=unclassified; oneway=yes; oneway:bicycle=no; source=Bing,7,9,4,21.06,True,3,3,179.9,0.00015000000001919034,0.0001430000000013365,no,,True,`oneway:bicycle=no`（自転車は一方通行の対象外）,overpass-api.de,,,,
高円寺→中野,101706602,bicycle_exempt,False,35.705084,139.65012,https://www.openstreetmap.org/way/101706602,yes,unclassified,,highway=unclassified; oneway=yes; oneway:bicycle=no; source=Bing,4,7,5,30.23,False,0,4,0.1,0.0003260000000011587,-2.300000000587943e-05,no,,True,`oneway:bicycle=no`（自転車は一方通行の対象外）,overpass-api.de,,,,
高円寺→中野,219064991,bicycle_exempt,False,35.707853,139.665165,https://www.openstreetmap.org/way/219064991,yes,service,三番街,highway=service; name=三番街; name:en=Sanbangai; name:es=Sanbangai; name:ja-Hira=さんばんがい; name:ja-Latn=Sanbangai; oneway=yes; oneway:bicycle=no; service=alley; source:ja=国土画像情報（オルソ化空中写真）国土計画局,35,36,6,45.49,True,5,5,179.9,0.0005020000000115488,3.399999999942338e-05,no,,True,`oneway:bicycle=no`（自転車は一方通行の対象外）,overpass-api.de,,,,
高円寺→中野,328155325,bicycle_exempt,False,35.705601,139.65476,https://www.openstreetmap.org/way/328155325,yes,primary,環七通り,hgv:conditional=no @ (Sa 22:00-24:00; Su 00:00-07:00); highway=primary; lanes=3; lit=yes; name=環七通り; name:en=Kannana-dori Avenue; name:es=Calle Kannana; name:ja=環七通り; oneway=yes; oneway:bicycle=no; ref=318; surface=asphalt,16,17,3,27.87,False,0,2,0.0,3.099999997857594e-05,-0.0002500000000011937,no,,True,`oneway:bicycle=no`（自転車は一方通行の対象外）,overpass-api.de,,,,
高円寺→中野,1290585555,bicycle_exempt,False,35.705077,139.649644,https://www.openstreetmap.org/way/1290585555,yes,unclassified,,highway=unclassified; oneway=yes; oneway:bicycle=no; source=Bing,3,4,3,19.65,False,0,2,0.2,0.00021699999999214015,2.9999999995311555e-06,no,,True,`oneway:bicycle=no`（自転車は一方通行の対象外）,overpass-api.de,,,,
荻窪→阿佐ヶ谷,92039093,bicycle_exempt,False,35.705835,139.623965,https://www.openstreetmap.org/way/92039093,yes,residential,,highway=residential; oneway=yes; oneway:bicycle=no; source=Bing 2010; surface=paved,0,2,4,23.34,False,0,3,0.7,-4.200000000764703e-05,-0.00017100000000169757,no,,True,`oneway:bicycle=no`（自転車は一方通行の対象外）,overpass-api.de,,,,
自由が丘→等々力,51984628,forward_travel,False,35.607912,139.669865,https://www.openstreetmap.org/way/51984628,yes,residential,E通り,highway=residential; name=E通り; name:en=E Street; name:ja=E通り; oneway=yes; source=survey; surface=paved,1,2,4,67.06,False,0,3,0.0,3.0000000208474376e-06,0.0006029999999981328,,,True,進行方向照合で順走（way軸と進行方向の角度差 0.0°・逆走側セグメント 0/3）,overpass-api.de,,,,
自由が丘→等々力,58420262,forward_travel,False,35.607818,139.66936,https://www.openstreetmap.org/way/58420262,yes,residential,E通り,highway=residential; name=E通り; name:en=E Street; name:ja=E通り; oneway=yes; source=survey; surface=paved,0,1,2,46.87,False,0,1,0.0,0.0005049999999755528,9.399999999715192e-05,,,True,進行方向照合で順走（way軸と進行方向の角度差 0.0°・逆走側セグメント 0/1）,overpass-api.de,,,,
浦和→さいたま新都心,99152465,forward_travel,False,35.887853,139.635599,https://www.openstreetmap.org/way/99152465,yes,tertiary,西大通り,cycleway:left=shared_lane; highway=tertiary; lanes=2; name=西大通り; oneway=yes; sidewalk=separate; source=GSImaps/std; surface=paved,62,67,9,221.41,False,0,8,0.0,-0.0012390000000266355,0.0017120000000048208,,,True,進行方向照合で順走（way軸と進行方向の角度差 0.0°・逆走側セグメント 0/8）,maps.mail.ru,,,,
浦和→さいたま新都心,174712185,forward_travel,False,35.887721,139.638085,https://www.openstreetmap.org/way/174712185,yes,tertiary_link,,bridge=yes; highway=tertiary_link; layer=1; oneway=yes; source=Bing,54,57,6,25.9,False,0,5,0.1,-0.0001999999999782176,0.00014999999999787406,,,True,進行方向照合で順走（way軸と進行方向の角度差 0.1°・逆走側セグメント 0/5）,maps.mail.ru,,,,
浦和→さいたま新都心,174712188,forward_travel,False,35.886971,139.638659,https://www.openstreetmap.org/way/174712188,yes,tertiary_link,,highway=tertiary_link; oneway=yes; source=Bing,49,54,13,95.53,False,0,12,0.0,-0.0006130000000155178,0.0005839999999963652,,,True,進行方向照合で順走（way軸と進行方向の角度差 0.0°・逆走側セグメント 0/12）,maps.mail.ru,,,,
浦和→さいたま新都心,444227691,bicycle_exempt,False,35.860081,139.655585,https://www.openstreetmap.org/way/444227691,yes,unclassified,,highway=unclassified; oneway=yes; oneway:bicycle=no; source=Bing,1,2,3,42.73,False,0,2,0.0,0.0004680000000121254,6.299999999725969e-05,no,,True,`oneway:bicycle=no`（自転車は一方通行の対象外）,maps.mail.ru,,,,
浦和→さいたま新都心,813470387,forward_travel,False,35.887306,139.636783,https://www.openstreetmap.org/way/813470387,yes,secondary,さいたま北袋線,highway=secondary; lanes=2; name=さいたま北袋線; name:en=Saitama-Kitabukuro Line; name:ja=さいたま北袋線; official_name=一般県道さいたま北袋線; oneway=yes; ref=159; sidewalk=separate; sidewalk:right=separate; source=GSImaps/std; surface=asphalt,60,61,3,62.91,False,0,2,0.0,-0.0006649999999979173,-0.00017100000000169757,,,True,進行方向照合で順走（way軸と進行方向の角度差 0.0°・逆走側セグメント 0/2）,maps.mail.ru,,,,
浦和→さいたま新都心,813470388,forward_travel,False,35.887651,139.637789,https://www.openstreetmap.org/way/813470388,yes,secondary,さいたま北袋線,bridge=yes; highway=secondary; lanes=2; layer=1; name=さいたま北袋線; name:en=Saitama-Kitabukuro Line; name:ja=さいたま北袋線; official_name=一般県道さいたま北袋線; oneway=yes; ref=159,57,60,5,120.38,False,0,4,0.0,-0.0012260000000026139,-0.0004299999999943793,,,True,進行方向照合で順走（way軸と進行方向の角度差 0.0°・逆走側セグメント 0/4）,maps.mail.ru,,,,
吉祥寺→三鷹,37860785,forward_travel,False,35.698964,139.570256,https://www.openstreetmap.org/way/37860785,yes,unclassified,,highway=unclassified; oneway=yes; surface=asphalt,42,43,3,38.4,False,0,2,0.0,-0.00042400000000952787,2.0000000006348273e-05,,,True,進行方向照合で順走（way軸と進行方向の角度差 0.0°・逆走側セグメント 0/2）,maps.mail.ru,,,,
吉祥寺→三鷹,39217799,forward_travel,False,35.70342,139.580652,https://www.openstreetmap.org/way/39217799,yes,unclassified,平和通り,bicycle=yes; bus=yes; highway=unclassified; motor_vehicle=no; motor_vehicle:conditional=private @ 09:00-12:00; name=平和通り; name:en=Heiwa Dori; name:es=Calle Heiwa; name:ja=平和通り; oneway=yes; taxi:conditional=yes @ 21:30-06:00,5,6,3,30.7,False,0,2,0.1,-0.0003399999999942338,-5.000000001587068e-06,,,True,進行方向照合で順走（way軸と進行方向の角度差 0.1°・逆走側セグメント 0/2）,maps.mail.ru,,,,
吉祥寺→三鷹,153378267,forward_travel,False,35.698892,139.567049,https://www.openstreetmap.org/way/153378267,yes,residential,,highway=residential; lanes=1; lit=yes; oneway=yes; sidewalk=no; surface=asphalt,47,49,4,136.45,False,0,3,0.0,-0.0001999999999782176,-0.0012049999999987904,,,True,進行方向照合で順走（way軸と進行方向の角度差 0.0°・逆走側セグメント 0/3）,maps.mail.ru,,,,
吉祥寺→三鷹,276479576,bicycle_exempt,False,35.703382,139.577826,https://www.openstreetmap.org/way/276479576,yes,secondary,平和通り,bicycle=yes; bus=yes; highway=secondary; lit=yes; motor_vehicle=no; motor_vehicle:conditional=private @ 09:00-12:00; name=平和通り; name:en=Heiwa Dori; name:ja=平和通り; oneway=yes; oneway:bicycle=no; ref=115,8,13,11,212.56,False,0,10,0.0,-0.0023400000000037835,3.8000000003535206e-05,no,,True,`oneway:bicycle=no`（自転車は一方通行の対象外）,maps.mail.ru,,,,
吉祥寺→三鷹,381689888,forward_travel,False,35.703113,139.580663,https://www.openstreetmap.org/way/381689888,yes,tertiary,吉祥寺大通り,highway=tertiary; lit=yes; name=吉祥寺大通り; name:en=Kichijoj Odori; name:es=Avenida Kichijoj; name:ja=吉祥寺大通り; oneway=yes,4,5,4,34.09,False,0,3,0.0,-1.100000000064938e-05,0.0003069999999993911,,,True,進行方向照合で順走（way軸と進行方向の角度差 0.0°・逆走側セグメント 0/3）,maps.mail.ru,,,,
吉祥寺→三鷹,1348130136,forward_travel,False,35.703413,139.580085,https://www.openstreetmap.org/way/1348130136,yes,unclassified,平和通り,bicycle=yes; bus=yes; highway=unclassified; motor_vehicle=no; motor_vehicle:conditional=private @ 09:00-12:00; name=平和通り; name:en=Heiwa Dori; name:es=Calle Heiwa; name:ja=平和通り; oneway=yes; taxi:conditional=yes @ 21:30-06:00,7,8,2,21.36,False,0,1,0.1,-0.00023600000000101318,2.0000000020559128e-06,,,True,進行方向照合で順走（way軸と進行方向の角度差 0.1°・逆走側セグメント 0/1）,maps.mail.ru,,,,
吉祥寺→三鷹,1527498768,forward_travel,False,35.703415,139.580312,https://www.openstreetmap.org/way/1527498768,yes,unclassified,平和通り,bicycle=yes; bus=yes; highway=unclassified; motor_vehicle=no; motor_vehicle:conditional=private @ 09:00-12:00; name=平和通り; name:en=Heiwa Dori; name:es=Calle Heiwa; name:ja=平和通り; oneway=yes; taxi:conditional=yes @ 21:30-06:00,6,7,2,20.44,False,0,1,0.1,-0.00022699999999531428,-2.0000000020559128e-06,,,True,進行方向照合で順走（way軸と進行方向の角度差 0.1°・逆走側セグメント 0/1）,maps.mail.ru,,,,
立川→国分寺,85221060,bicycle_exempt,False,35.696667,139.44263,https://www.openstreetmap.org/way/85221060,yes,unclassified,,cycleway:both=no; foot=yes; highway=unclassified; lanes=1; oneway=yes; oneway:bicycle=no; parking:both=no; sidewalk=no; surface=asphalt,38,39,9,571.56,True,8,8,180.0,0.006325000000003911,0.0001889999999988845,no,,True,`oneway:bicycle=no`（自転車は一方通行の対象外）,overpass-api.de,,,,
立川→国分寺,135539740,forward_travel,False,35.69694,139.413352,https://www.openstreetmap.org/way/135539740,yes,tertiary,すずらん通り,highway=tertiary; level=0; name=すずらん通り; oneway=yes; surface=paved,12,16,9,61.76,False,0,8,0.0,0.0006680000000187647,-6.49999999993156e-05,,,True,進行方向照合で順走（way軸と進行方向の角度差 0.0°・逆走側セグメント 0/8）,overpass-api.de,,,,
立川→国分寺,161959860,forward_travel,False,35.695665,139.467261,https://www.openstreetmap.org/way/161959860,yes,secondary,多喜窪通り,highway=secondary; lanes=1; name=多喜窪通り; oneway=yes; ref=145; surface=asphalt,64,67,6,88.68,False,0,5,0.0,0.0009369999999933043,0.00018499999999477268,,,True,進行方向照合で順走（way軸と進行方向の角度差 0.0°・逆走側セグメント 0/5）,overpass-api.de,,,,
立川→国分寺,237757019,bicycle_exempt,False,35.696396,139.433656,https://www.openstreetmap.org/way/237757019,yes,secondary,立川国分寺線,cycleway:both=no; foot=yes; highway=secondary; lanes=2; maxspeed=30; name=立川国分寺線; oneway=yes; oneway:bicycle=no; parking:both=no; ref=145; sidewalk=no; surface=asphalt; width=2,37,38,10,810.98,True,9,9,180.0,0.00897399999999493,0.0002709999999979118,no,,True,`oneway:bicycle=no`（自転車は一方通行の対象外）,overpass-api.de,,,,
立川→国分寺,853388885,forward_travel,False,35.696914,139.412945,https://www.openstreetmap.org/way/853388885,yes,tertiary,,highway=tertiary; maxspeed=50; oneway=yes; surface=paved,11,12,2,9.32,False,0,1,0.3,4.099999998175008e-05,7.699999999744023e-05,,,True,進行方向照合で順走（way軸と進行方向の角度差 0.3°・逆走側セグメント 0/1）,overpass-api.de,,,,
横浜→みなとみらい,25944286,forward_travel,False,35.461333,139.631336,https://www.openstreetmap.org/way/25944286,yes,tertiary,すずかけ通り,highway=tertiary; maxspeed=40; name=すずかけ通り; name:en=Suzukake-dori Street; oneway=yes; surface=asphalt,38,46,19,609.83,False,0,18,0.0,0.006611000000020795,0.0006129999999942015,,,True,進行方向照合で順走（way軸と進行方向の角度差 0.0°・逆走側セグメント 0/18）,overpass-api.de,,,,
横浜→みなとみらい,28413949,forward_travel,False,35.464598,139.623345,https://www.openstreetmap.org/way/28413949,yes,unclassified,,highway=unclassified; lanes=1; oneway=yes; surface=asphalt,13,14,3,45.34,False,0,2,0.1,4.9999999873762135e-06,-0.00040700000000271075,,,True,進行方向照合で順走（way軸と進行方向の角度差 0.1°・逆走側セグメント 0/2）,overpass-api.de,,,,
横浜→みなとみらい,28413952,forward_travel,False,35.464709,139.623141,https://www.openstreetmap.org/way/28413952,yes,unclassified,,highway=unclassified; lanes=1; oneway=yes,12,13,2,22.13,False,0,1,0.0,0.00020399999999654028,-0.00011099999999686361,,,True,進行方向照合で順走（way軸と進行方向の角度差 0.0°・逆走側セグメント 0/1）,overpass-api.de,,,,
横浜→みなとみらい,38913182,forward_travel,False,35.460587,139.623681,https://www.openstreetmap.org/way/38913182,yes,tertiary,,highway=tertiary; oneway=yes; surface=asphalt,31,32,2,34.29,False,0,1,0.0,0.0003769999999860829,2.6000000005410584e-05,,,True,進行方向照合で順走（way軸と進行方向の角度差 0.0°・逆走側セグメント 0/1）,overpass-api.de,,,,
横浜→みなとみらい,216075126,forward_travel,False,35.458718,139.636149,https://www.openstreetmap.org/way/216075126,yes,service,,highway=service; oneway=yes; surface=asphalt,52,55,5,34.08,False,0,4,0.1,0.00035299999998983367,7.699999999744023e-05,,,True,進行方向照合で順走（way軸と進行方向の角度差 0.1°・逆走側セグメント 0/4）,overpass-api.de,,,,
横浜→みなとみらい,220878901,forward_travel,False,35.460744,139.633466,https://www.openstreetmap.org/way/220878901,yes,tertiary,国際大通り,highway=tertiary; lanes=2; maxheight=default; maxspeed=40; name=国際大通り; name:en=Kokusai-Odori Boulevard; oneway=yes; surface=asphalt,46,51,11,378.51,False,0,10,0.0,0.002048000000002048,-0.002945999999994342,,,True,進行方向照合で順走（way軸と進行方向の角度差 0.0°・逆走側セグメント 0/10）,overpass-api.de,,,,
横浜→みなとみらい,301926836,forward_travel,False,35.458302,139.635318,https://www.openstreetmap.org/way/301926836,yes,service,,highway=service; oneway=yes,51,52,5,71.89,False,0,4,0.0,0.000667999999990343,0.0003489999999999327,,,True,進行方向照合で順走（way軸と進行方向の角度差 0.0°・逆走側セグメント 0/4）,overpass-api.de,,,,
横浜→みなとみらい,306336243,forward_travel,False,35.460442,139.625355,https://www.openstreetmap.org/way/306336243,yes,tertiary,すずかけ通り,highway=tertiary; lanes=2; name=すずかけ通り; name:en=Suzukake-dori Street; oneway=yes; surface=asphalt,34,37,7,98.2,False,0,6,0.0,0.0010730000000194195,8.59999999960337e-05,,,True,進行方向照合で順走（way軸と進行方向の角度差 0.0°・逆走側セグメント 0/6）,overpass-api.de,,,,
横浜→みなとみらい,1215885243,forward_travel,False,35.460541,139.62611,https://www.openstreetmap.org/way/1215885243,yes,tertiary,すずかけ通り,highway=tertiary; name=すずかけ通り; name:en=Suzukake-dori Street; oneway=yes; surface=asphalt,37,38,4,50.8,False,0,3,0.0,0.0005489999999781503,9.400000000425734e-05,,,True,進行方向照合で順走（way軸と進行方向の角度差 0.0°・逆走側セグメント 0/3）,overpass-api.de,,,,
横浜→みなとみらい,1298550088,forward_travel,False,35.460471,139.624895,https://www.openstreetmap.org/way/1298550088,yes,tertiary,すずかけ通り,foot=no; highway=tertiary; name=すずかけ通り; name:en=Suzukake-dori Street; oneway=yes; surface=asphalt,32,34,3,90.4,False,0,2,0.0,0.0009790000000009513,-0.00015799999999899228,,,True,進行方向照合で順走（way軸と進行方向の角度差 0.0°・逆走側セグメント 0/2）,overpass-api.de,,,,
横浜→みなとみらい,1477382070,forward_travel,False,35.458728,139.636339,https://www.openstreetmap.org/way/1477382070,yes,service,,highway=service; oneway=yes; surface=asphalt,55,56,3,31.88,False,0,2,0.0,0.0002819999999985612,-0.00017300000000375348,,,True,進行方向照合で順走（way軸と進行方向の角度差 0.0°・逆走側セグメント 0/2）,overpass-api.de,,,,
川崎→武蔵小杉,61755741,forward_travel,False,35.578224,139.663407,https://www.openstreetmap.org/way/61755741,yes,unclassified,,highway=unclassified; lane_markings=no; oneway=yes,174,175,9,218.5,False,0,8,0.0,-0.002416000000010854,-2.9999999995311555e-06,,,True,進行方向照合で順走（way軸と進行方向の角度差 0.0°・逆走側セグメント 0/8）,maps.mail.ru,,,,
川崎→武蔵小杉,80916735,forward_travel,False,35.534876,139.696001,https://www.openstreetmap.org/way/80916735,yes,residential,中幸町仲通り,highway=residential; name=中幸町仲通り; name:en=Nakasaiwaichō Naka-dōri St.; oneway=yes,44,46,4,112.31,False,0,3,0.0,-0.0009129999999970551,0.00046699999999333386,,,True,進行方向照合で順走（way軸と進行方向の角度差 0.0°・逆走側セグメント 0/3）,maps.mail.ru,,,,
川崎→武蔵小杉,80916750,forward_travel,False,35.53518,139.695037,https://www.openstreetmap.org/way/80916750,yes,residential,中幸町仲通り,highway=residential; motor_vehicle:conditional=no @ (15:00 - 18:00); name=中幸町仲通り; name:en=Nakasaiwaichō Naka-dōri St.; oneway=yes,46,47,7,152.76,False,0,6,0.0,-0.0015720000000101209,0.0005030000000019186,,,True,進行方向照合で順走（way軸と進行方向の角度差 0.0°・逆走側セグメント 0/6）,maps.mail.ru,,,,
川崎→武蔵小杉,103427282,bicycle_exempt,False,35.531838,139.700072,https://www.openstreetmap.org/way/103427282,yes,unclassified,,highway=unclassified; oneway=yes; oneway:bicycle=no,16,18,3,9.82,True,2,2,179.6,-9.900000000584441e-05,-3.399999999942338e-05,no,,True,`oneway:bicycle=no`（自転車は一方通行の対象外）,maps.mail.ru,,,,
川崎→武蔵小杉,139546937,forward_travel,False,35.577941,139.659906,https://www.openstreetmap.org/way/139546937,yes,residential,,highway=residential; lane_markings=no; oneway=yes; source=Bing;survey;bing; width=6,179,180,2,26.85,False,0,1,0.2,1.2999999995599865e-05,-0.00024700000000166256,,,True,進行方向照合で順走（way軸と進行方向の角度差 0.2°・逆走側セグメント 0/1）,maps.mail.ru,,,,
川崎→武蔵小杉,200005000,forward_travel,False,35.532152,139.699188,https://www.openstreetmap.org/way/200005000,yes,unclassified,,cycleway=shared_lane; highway=unclassified; oneway=yes; source=Bing 2010; surface=paved,21,23,3,41.42,False,0,2,0.1,-0.00042399999998110616,0.00014000000000180535,,shared_lane,True,進行方向照合で順走（way軸と進行方向の角度差 0.1°・逆走側セグメント 0/2）,maps.mail.ru,,,,
川崎→武蔵小杉,288110974,forward_travel,False,35.578226,139.660745,https://www.openstreetmap.org/way/288110974,yes,residential,,highway=residential; lane_markings=no; oneway=yes; sidewalk=both; source=Bing; surface=asphalt,176,177,2,32.03,False,0,1,0.2,-0.00013500000000021828,-0.0002670000000009054,,,True,進行方向照合で順走（way軸と進行方向の角度差 0.2°・逆走側セグメント 0/1）,maps.mail.ru,,,,
川崎→武蔵小杉,294664333,forward_travel,False,35.567509,139.670426,https://www.openstreetmap.org/way/294664333,yes,tertiary,南武沿線道路,highway=tertiary; lanes=2; maxspeed=50; name=南武沿線道路; name:en=Nambu Ensen Ave.; name:es=Avenida Nanbuensen; name:ja=南武沿線道路; name:ja_rm=Nanbuensen doro; oneway=yes; source=survey;bing; surface=paved,136,149,33,1200.75,False,0,32,0.0,-0.003699000000011665,0.010283999999998628,,,True,進行方向照合で順走（way軸と進行方向の角度差 0.0°・逆走側セグメント 0/32）,maps.mail.ru,,,,
川崎→武蔵小杉,557828569,forward_travel,False,35.575656,139.668075,https://www.openstreetmap.org/way/557828569,yes,tertiary,南武沿線道路,highway=tertiary; lanes=2; maxspeed=40; name=南武沿線道路; name:en=Nambu Ensen Ave.; name:es=Avenida Nanbuensen; name:ja=南武沿線道路; name:ja_rm=Nanbuensen doro; oneway=yes; source=survey;bing; surface=paved,151,159,13,237.95,False,0,12,0.0,-0.001559000000014521,0.0016780000000053974,,,True,進行方向照合で順走（way軸と進行方向の角度差 0.0°・逆走側セグメント 0/12）,maps.mail.ru,,,,
川崎→武蔵小杉,655958377,forward_travel,False,35.533064,139.699647,https://www.openstreetmap.org/way/655958377,yes,cycleway,,bicycle=yes; foot=no; highway=cycleway; oneway=yes,24,29,6,78.62,False,0,5,0.0,0.00012599999999451938,0.0006669999999999732,,,True,進行方向照合で順走（way軸と進行方向の角度差 0.0°・逆走側セグメント 0/5）,maps.mail.ru,,,,
川崎→武蔵小杉,655958381,forward_travel,False,35.533381,139.699594,https://www.openstreetmap.org/way/655958381,yes,cycleway,,foot=no; highway=cycleway; layer=-1; oneway=yes,29,30,2,50.25,False,0,1,0.0,-0.00019000000000346517,0.0004249999999998977,,,True,進行方向照合で順走（way軸と進行方向の角度差 0.0°・逆走側セグメント 0/1）,maps.mail.ru,,,,
川崎→武蔵小杉,655958383,forward_travel,False,35.533806,139.699404,https://www.openstreetmap.org/way/655958383,yes,cycleway,,bicycle=yes; foot=no; highway=cycleway; oneway=yes,30,31,2,55.33,False,0,1,0.0,-0.00018499999998766725,0.00047400000000408227,,,True,進行方向照合で順走（way軸と進行方向の角度差 0.0°・逆走側セグメント 0/1）,maps.mail.ru,,,,
川崎→武蔵小杉,680507398,forward_travel,False,35.574212,139.66863,https://www.openstreetmap.org/way/680507398,yes,tertiary,南武沿線道路,highway=tertiary; lanes=2; maxspeed=40; name=南武沿線道路; name:en=Nambu Ensen Ave.; name:es=Avenida Nanbuensen; name:ja=南武沿線道路; name:ja_rm=Nanbuensen doro; oneway=yes; source=survey;bing; surface=paved,149,151,6,172.13,False,0,5,0.0,-0.00040099999998233216,0.0015129999999956567,,,True,進行方向照合で順走（way軸と進行方向の角度差 0.0°・逆走側セグメント 0/5）,maps.mail.ru,,,,
川崎→武蔵小杉,680507400,forward_travel,False,35.576933,139.666529,https://www.openstreetmap.org/way/680507400,yes,tertiary,南武沿線道路,highway=tertiary; lanes=2; maxspeed=40; name=南武沿線道路; name:en=Nambu Ensen Ave.; name:es=Avenida Nanbuensen; name:ja=南武沿線道路; name:ja_rm=Nanbuensen doro; oneway=yes; source=survey;bing; surface=paved,159,163,5,97.98,False,0,4,0.0,-0.0009049999999888314,0.00045300000000025875,,,True,進行方向照合で順走（way軸と進行方向の角度差 0.0°・逆走側セグメント 0/4）,maps.mail.ru,,,,
川崎→武蔵小杉,989114280,forward_travel,False,35.534326,139.69882,https://www.openstreetmap.org/way/989114280,yes,tertiary,温泉通り,highway=tertiary; lanes=2; name=温泉通り; oneway=yes,35,37,5,103.4,False,0,4,0.0,-0.0011390000000233158,-6.400000000184036e-05,,,True,進行方向照合で順走（way軸と進行方向の角度差 0.0°・逆走側セグメント 0/4）,maps.mail.ru,,,,
川崎→武蔵小杉,989140703,forward_travel,False,35.534313,139.697501,https://www.openstreetmap.org/way/989140703,yes,tertiary,温泉通り,highway=tertiary; lanes=2; name=温泉通り; oneway=yes,39,40,3,22.14,False,0,2,0.2,-0.00023499999997511622,5.600000000072214e-05,,,True,進行方向照合で順走（way軸と進行方向の角度差 0.2°・逆走側セグメント 0/2）,maps.mail.ru,,,,
川崎→武蔵小杉,989140705,forward_travel,False,35.534308,139.697573,https://www.openstreetmap.org/way/989140705,yes,tertiary,温泉通り,highway=tertiary; lanes=2; name=温泉通り; oneway=yes,38,39,2,6.6,False,0,1,0.1,-7.200000001716944e-05,4.999999994481641e-06,,,True,進行方向照合で順走（way軸と進行方向の角度差 0.1°・逆走側セグメント 0/1）,maps.mail.ru,,,,
川崎→武蔵小杉,1131149147,forward_travel,False,35.535946,139.692528,https://www.openstreetmap.org/way/1131149147,yes,residential,中幸町仲通り,highway=residential; motor_vehicle:conditional=no @ (15:00 - 18:00); name=中幸町仲通り; name:en=Nakasaiwaichō Naka-dōri St.; oneway=yes,48,53,8,120.71,False,0,7,0.0,-0.0012940000000014606,0.00017000000000422233,,,True,進行方向照合で順走（way軸と進行方向の角度差 0.0°・逆走側セグメント 0/7）,maps.mail.ru,,,,
川崎→武蔵小杉,1131149149,forward_travel,False,35.535683,139.693465,https://www.openstreetmap.org/way/1131149149,yes,residential,中幸町仲通り,highway=residential; motor_vehicle:conditional=no @ (15:00 - 18:00); name=中幸町仲通り; name:en=Nakasaiwaichō Naka-dōri St.; oneway=yes,47,48,3,27.54,False,0,2,0.0,-0.0002870000000143591,8.19999999990273e-05,,,True,進行方向照合で順走（way軸と進行方向の角度差 0.0°・逆走側セグメント 0/2）,maps.mail.ru,,,,
川崎→武蔵小杉,1246785325,forward_travel,False,35.534286,139.697963,https://www.openstreetmap.org/way/1246785325,yes,tertiary,温泉通り,highway=tertiary; lanes=2; name=温泉通り; oneway=yes,37,38,4,35.32,False,0,3,0.0,-0.0003899999999816828,2.200000000129876e-05,,,True,進行方向照合で順走（way軸と進行方向の角度差 0.0°・逆走側セグメント 0/3）,maps.mail.ru,,,,
